,Compound,Negative,Neutral,Positive,Source,Tweet Date,Tweet Text,Tweets Ago
0,0.7065,0.0,0.0,0.175,@BBC,2018-10-08 04:49:17,"RT @BBC: ğŸ¤ğŸ¶ The music. The performances. The Internet. The fans.

What is it that has made #KPop superstars @BTS_twt so successful? #BTS
ğŸ‘‰â€¦",1
1,0.7065,0.0,0.0,0.175,@BBC,2018-10-08 04:48:35,"RT @BBC: ğŸ¤ğŸ¶ The music. The performances. The Internet. The fans.

What is it that has made #KPop superstars @BTS_twt so successful? #BTS
ğŸ‘‰â€¦",2
2,0.7065,0.0,0.0,0.175,@BBC,2018-10-08 04:48:32,"RT @BBC: ğŸ¤ğŸ¶ The music. The performances. The Internet. The fans.

What is it that has made #KPop superstars @BTS_twt so successful? #BTS
ğŸ‘‰â€¦",3
3,0.7065,0.0,0.0,0.175,@BBC,2018-10-08 04:48:31,"RT @BBC: ğŸ¤ğŸ¶ The music. The performances. The Internet. The fans.

What is it that has made #KPop superstars @BTS_twt so successful? #BTS
ğŸ‘‰â€¦",4
4,0.7065,0.0,0.0,0.175,@BBC,2018-10-08 04:48:28,"RT @BBC: ğŸ¤ğŸ¶ The music. The performances. The Internet. The fans.

What is it that has made #KPop superstars @BTS_twt so successful? #BTS
ğŸ‘‰â€¦",5
5,0.7065,0.0,0.0,0.175,@BBC,2018-10-08 04:48:02,"RT @BBC: ğŸ¤ğŸ¶ The music. The performances. The Internet. The fans.

What is it that has made #KPop superstars @BTS_twt so successful? #BTS
ğŸ‘‰â€¦",6
6,0.0,0.0,0.0,0.0,@BBC,2018-10-08 04:47:50,"RT @FutureVictm498A: #MenToo 
à¤®à¥‡à¤°à¤¾ à¤­à¥€ 2 à¤¬à¤¾à¤° à¤¸à¥‡à¤•à¥à¤¸à¥à¤…à¤² à¤¹à¤°à¤¾à¤¸à¤®à¥‡à¤‚à¤Ÿ à¤¹à¥à¤† à¤¹à¥ˆ à¤à¤• à¤¬à¤¾à¤° à¤–à¥à¤¦ à¤•à¥‡ à¤˜à¤° à¤®à¥‡à¤‚ à¤”à¤° à¤¦à¥‚à¤¸à¤°à¥‡ à¤¬à¤¾à¤° à¤•à¤¹à¥€à¤‚ à¤”à¤° à¤‰à¤¸ à¤¸à¤®à¤¯ à¤®à¥ˆà¤‚ à¤²à¤—à¤­à¤— 13 à¤µà¤°à¥à¤· à¤•à¤¾â€¦",7
7,0.7065,0.0,0.0,0.175,@BBC,2018-10-08 04:47:39,"RT @BBC: ğŸ¤ğŸ¶ The music. The performances. The Internet. The fans.

What is it that has made #KPop superstars @BTS_twt so successful? #BTS
ğŸ‘‰â€¦",8
8,0.7065,0.0,0.0,0.175,@BBC,2018-10-08 04:47:38,"RT @BBC: ğŸ¤ğŸ¶ The music. The performances. The Internet. The fans.

What is it that has made #KPop superstars @BTS_twt so successful? #BTS
ğŸ‘‰â€¦",9
9,0.0,0.0,0.0,0.0,@BBC,2018-10-08 04:47:34,RT @eseletwits: @BBC https://t.co/KmF8j4ogkX,10
10,0.7065,0.0,0.0,0.175,@BBC,2018-10-08 04:47:19,"RT @BBC: ğŸ¤ğŸ¶ The music. The performances. The Internet. The fans.

What is it that has made #KPop superstars @BTS_twt so successful? #BTS
ğŸ‘‰â€¦",11
11,0.7065,0.0,0.0,0.175,@BBC,2018-10-08 04:47:03,"RT @BBC: ğŸ¤ğŸ¶ The music. The performances. The Internet. The fans.

What is it that has made #KPop superstars @BTS_twt so successful? #BTS
ğŸ‘‰â€¦",12
12,0.7065,0.0,0.0,0.175,@BBC,2018-10-08 04:47:02,"RT @BBC: ğŸ¤ğŸ¶ The music. The performances. The Internet. The fans.

What is it that has made #KPop superstars @BTS_twt so successful? #BTS
ğŸ‘‰â€¦",13
13,-0.1531,0.114,0.114,0.093,@BBC,2018-10-08 04:46:55,"RT @hunkyhuncho: #Cameroon as we knw, is a union btwn 2 equal states  which has failed and one party wants out of the Union leading 2 the câ€¦",14
14,0.34,0.0,0.0,0.103,@BBC,2018-10-08 04:46:54,RT @ChrisMcCusker67: I have to question the motive behind @BBC for engaging the services of @RuthDavidsonMSP to offer her opinion on the coâ€¦,15
15,0.7065,0.0,0.0,0.175,@BBC,2018-10-08 04:46:54,"RT @BBC: ğŸ¤ğŸ¶ The music. The performances. The Internet. The fans.

What is it that has made #KPop superstars @BTS_twt so successful? #BTS
ğŸ‘‰â€¦",16
16,0.7065,0.0,0.0,0.175,@BBC,2018-10-08 04:46:48,"RT @BBC: ğŸ¤ğŸ¶ The music. The performances. The Internet. The fans.

What is it that has made #KPop superstars @BTS_twt so successful? #BTS
ğŸ‘‰â€¦",17
17,0.7065,0.0,0.0,0.175,@BBC,2018-10-08 04:46:41,"RT @BBC: ğŸ¤ğŸ¶ The music. The performances. The Internet. The fans.

What is it that has made #KPop superstars @BTS_twt so successful? #BTS
ğŸ‘‰â€¦",18
18,0.7065,0.0,0.0,0.175,@BBC,2018-10-08 04:46:35,"RT @BBC: ğŸ¤ğŸ¶ The music. The performances. The Internet. The fans.

What is it that has made #KPop superstars @BTS_twt so successful? #BTS
ğŸ‘‰â€¦",19
19,0.7065,0.0,0.0,0.175,@BBC,2018-10-08 04:46:27,"RT @BBC: ğŸ¤ğŸ¶ The music. The performances. The Internet. The fans.

What is it that has made #KPop superstars @BTS_twt so successful? #BTS
ğŸ‘‰â€¦",20
20,0.7065,0.0,0.0,0.175,@BBC,2018-10-08 04:46:22,"RT @BBC: ğŸ¤ğŸ¶ The music. The performances. The Internet. The fans.

What is it that has made #KPop superstars @BTS_twt so successful? #BTS
ğŸ‘‰â€¦",21
21,0.7065,0.0,0.0,0.175,@BBC,2018-10-08 04:46:15,"RT @BBC: ğŸ¤ğŸ¶ The music. The performances. The Internet. The fans.

What is it that has made #KPop superstars @BTS_twt so successful? #BTS
ğŸ‘‰â€¦",22
22,0.7065,0.0,0.0,0.175,@BBC,2018-10-08 04:46:04,"RT @BBC: ğŸ¤ğŸ¶ The music. The performances. The Internet. The fans.

What is it that has made #KPop superstars @BTS_twt so successful? #BTS
ğŸ‘‰â€¦",23
23,0.7065,0.0,0.0,0.175,@BBC,2018-10-08 04:46:03,"RT @BBC: ğŸ¤ğŸ¶ The music. The performances. The Internet. The fans.

What is it that has made #KPop superstars @BTS_twt so successful? #BTS
ğŸ‘‰â€¦",24
24,0.1243,0.127,0.127,0.183,@BBC,2018-10-08 04:45:53,"RT @dontbrexitfixit: Well quelle fucking surprise! #bbcqt You are there to provide balance and journalistic input @BBC, you have failed misâ€¦",25
25,0.7065,0.0,0.0,0.175,@BBC,2018-10-08 04:45:53,"RT @BBC: ğŸ¤ğŸ¶ The music. The performances. The Internet. The fans.

What is it that has made #KPop superstars @BTS_twt so successful? #BTS
ğŸ‘‰â€¦",26
26,0.7065,0.0,0.0,0.175,@BBC,2018-10-08 04:45:23,"RT @BBC: ğŸ¤ğŸ¶ The music. The performances. The Internet. The fans.

What is it that has made #KPop superstars @BTS_twt so successful? #BTS
ğŸ‘‰â€¦",27
27,0.7065,0.0,0.0,0.175,@BBC,2018-10-08 04:45:20,"RT @BBC: ğŸ¤ğŸ¶ The music. The performances. The Internet. The fans.

What is it that has made #KPop superstars @BTS_twt so successful? #BTS
ğŸ‘‰â€¦",28
28,0.7065,0.0,0.0,0.175,@BBC,2018-10-08 04:45:20,"RT @BBC: ğŸ¤ğŸ¶ The music. The performances. The Internet. The fans.

What is it that has made #KPop superstars @BTS_twt so successful? #BTS
ğŸ‘‰â€¦",29
29,0.7065,0.0,0.0,0.175,@BBC,2018-10-08 04:45:14,"RT @BBC: ğŸ¤ğŸ¶ The music. The performances. The Internet. The fans.

What is it that has made #KPop superstars @BTS_twt so successful? #BTS
ğŸ‘‰â€¦",30
30,0.7065,0.0,0.0,0.175,@BBC,2018-10-08 04:44:51,"RT @BBC: ğŸ¤ğŸ¶ The music. The performances. The Internet. The fans.

What is it that has made #KPop superstars @BTS_twt so successful? #BTS
ğŸ‘‰â€¦",31
31,0.7065,0.0,0.0,0.175,@BBC,2018-10-08 04:44:41,"RT @BBC: ğŸ¤ğŸ¶ The music. The performances. The Internet. The fans.

What is it that has made #KPop superstars @BTS_twt so successful? #BTS
ğŸ‘‰â€¦",32
32,0.7065,0.0,0.0,0.175,@BBC,2018-10-08 04:44:34,"RT @BBC: ğŸ¤ğŸ¶ The music. The performances. The Internet. The fans.

What is it that has made #KPop superstars @BTS_twt so successful? #BTS
ğŸ‘‰â€¦",33
33,0.0,0.0,0.0,0.0,@BBC,2018-10-08 04:44:34,@BBC @YoongiDailyPH @BTS_twt Because they are genuine artists. They are our family! /my brothers from another familâ€¦ https://t.co/tqDhyNmqij,34
34,0.7065,0.0,0.0,0.175,@BBC,2018-10-08 04:44:22,"RT @BBC: ğŸ¤ğŸ¶ The music. The performances. The Internet. The fans.

What is it that has made #KPop superstars @BTS_twt so successful? #BTS
ğŸ‘‰â€¦",35
35,0.7065,0.0,0.0,0.175,@BBC,2018-10-08 04:44:20,"RT @BBC: ğŸ¤ğŸ¶ The music. The performances. The Internet. The fans.

What is it that has made #KPop superstars @BTS_twt so successful? #BTS
ğŸ‘‰â€¦",36
36,0.0,0.0,0.0,0.0,@BBC,2018-10-08 04:44:12,"RT @FutureVictm498A: #MenToo 
à¤®à¥‡à¤°à¤¾ à¤­à¥€ 2 à¤¬à¤¾à¤° à¤¸à¥‡à¤•à¥à¤¸à¥à¤…à¤² à¤¹à¤°à¤¾à¤¸à¤®à¥‡à¤‚à¤Ÿ à¤¹à¥à¤† à¤¹à¥ˆ à¤à¤• à¤¬à¤¾à¤° à¤–à¥à¤¦ à¤•à¥‡ à¤˜à¤° à¤®à¥‡à¤‚ à¤”à¤° à¤¦à¥‚à¤¸à¤°à¥‡ à¤¬à¤¾à¤° à¤•à¤¹à¥€à¤‚ à¤”à¤° à¤‰à¤¸ à¤¸à¤®à¤¯ à¤®à¥ˆà¤‚ à¤²à¤—à¤­à¤— 13 à¤µà¤°à¥à¤· à¤•à¤¾â€¦",37
37,0.7065,0.0,0.0,0.175,@BBC,2018-10-08 04:43:48,"RT @BBC: ğŸ¤ğŸ¶ The music. The performances. The Internet. The fans.

What is it that has made #KPop superstars @BTS_twt so successful? #BTS
ğŸ‘‰â€¦",38
38,0.0,0.0,0.0,0.0,@BBC,2018-10-08 04:43:40,RT @BBC: Little girls donâ€™t stay little forever. https://t.co/3yThJBbcUs,39
39,0.7065,0.0,0.0,0.175,@BBC,2018-10-08 04:43:25,"RT @BBC: ğŸ¤ğŸ¶ The music. The performances. The Internet. The fans.

What is it that has made #KPop superstars @BTS_twt so successful? #BTS
ğŸ‘‰â€¦",40
40,0.7065,0.0,0.0,0.175,@BBC,2018-10-08 04:43:21,"RT @BBC: ğŸ¤ğŸ¶ The music. The performances. The Internet. The fans.

What is it that has made #KPop superstars @BTS_twt so successful? #BTS
ğŸ‘‰â€¦",41
41,0.7065,0.0,0.0,0.175,@BBC,2018-10-08 04:43:19,"RT @BBC: ğŸ¤ğŸ¶ The music. The performances. The Internet. The fans.

What is it that has made #KPop superstars @BTS_twt so successful? #BTS
ğŸ‘‰â€¦",42
42,0.7065,0.0,0.0,0.175,@BBC,2018-10-08 04:43:01,"RT @BBC: ğŸ¤ğŸ¶ The music. The performances. The Internet. The fans.

What is it that has made #KPop superstars @BTS_twt so successful? #BTS
ğŸ‘‰â€¦",43
43,-0.743,0.283,0.283,0.0,@BBC,2018-10-08 04:42:43,RT @judithnwana: #Cameroon polls close after vote marked by deadly separatist violence. Virtually no polling in #SouthernCameroons @commonwâ€¦,44
44,0.7065,0.0,0.0,0.175,@BBC,2018-10-08 04:42:26,"RT @BBC: ğŸ¤ğŸ¶ The music. The performances. The Internet. The fans.

What is it that has made #KPop superstars @BTS_twt so successful? #BTS
ğŸ‘‰â€¦",45
45,0.7065,0.0,0.0,0.175,@BBC,2018-10-08 04:42:19,"RT @BBC: ğŸ¤ğŸ¶ The music. The performances. The Internet. The fans.

What is it that has made #KPop superstars @BTS_twt so successful? #BTS
ğŸ‘‰â€¦",46
46,0.7065,0.0,0.0,0.175,@BBC,2018-10-08 04:42:16,"RT @BBC: ğŸ¤ğŸ¶ The music. The performances. The Internet. The fans.

What is it that has made #KPop superstars @BTS_twt so successful? #BTS
ğŸ‘‰â€¦",47
47,0.7065,0.0,0.0,0.175,@BBC,2018-10-08 04:42:04,"RT @BBC: ğŸ¤ğŸ¶ The music. The performances. The Internet. The fans.

What is it that has made #KPop superstars @BTS_twt so successful? #BTS
ğŸ‘‰â€¦",48
48,0.7065,0.0,0.0,0.175,@BBC,2018-10-08 04:41:55,"RT @BBC: ğŸ¤ğŸ¶ The music. The performances. The Internet. The fans.

What is it that has made #KPop superstars @BTS_twt so successful? #BTS
ğŸ‘‰â€¦",49
49,0.7065,0.0,0.0,0.175,@BBC,2018-10-08 04:41:47,"RT @BBC: ğŸ¤ğŸ¶ The music. The performances. The Internet. The fans.

What is it that has made #KPop superstars @BTS_twt so successful? #BTS
ğŸ‘‰â€¦",50
50,0.0,0.0,0.0,0.0,@BBC,2018-10-08 04:41:44,"RT @FutureVictm498A: #MenToo 
à¤®à¥‡à¤°à¤¾ à¤­à¥€ 2 à¤¬à¤¾à¤° à¤¸à¥‡à¤•à¥à¤¸à¥à¤…à¤² à¤¹à¤°à¤¾à¤¸à¤®à¥‡à¤‚à¤Ÿ à¤¹à¥à¤† à¤¹à¥ˆ à¤à¤• à¤¬à¤¾à¤° à¤–à¥à¤¦ à¤•à¥‡ à¤˜à¤° à¤®à¥‡à¤‚ à¤”à¤° à¤¦à¥‚à¤¸à¤°à¥‡ à¤¬à¤¾à¤° à¤•à¤¹à¥€à¤‚ à¤”à¤° à¤‰à¤¸ à¤¸à¤®à¤¯ à¤®à¥ˆà¤‚ à¤²à¤—à¤­à¤— 13 à¤µà¤°à¥à¤· à¤•à¤¾â€¦",51
51,0.7065,0.0,0.0,0.175,@BBC,2018-10-08 04:41:35,"RT @BBC: ğŸ¤ğŸ¶ The music. The performances. The Internet. The fans.

What is it that has made #KPop superstars @BTS_twt so successful? #BTS
ğŸ‘‰â€¦",52
52,0.0,0.0,0.0,0.0,@BBC,2018-10-08 04:41:26,@Afsheenn @BBC Ú†ÙˆÙ† Ù…Ø«Ù„ Ø®ÙˆØ¯Øª Ø§ÛŒØ¯Ù‡ Ø¢Ù„ÛŒØ³Øª Ù‡Ø³ØªÙ…ØŒ Ø¨Ø§ Ù†Ø¸Ø±Øª Ù…ÙˆØ§ÙÙ‚Ù…. Ùˆ Ø§Ù„Ø¨ØªÙ‡ Ù…Ø¹ØªÙ‚Ø¯Ù… Ø§Ù„Ø§Ù† ÙˆÙ‚ØªØ´Ù‡ Ú©Ù…ÛŒ Ø§ÛŒØ¯Ù‡ Ø¢Ù„ÛŒØ³Øª ØªØ± Ù‡Ù… Ø¨Ø§Ø´ÛŒÙ….â€¦ https://t.co/LUitvIj58L,53
53,0.7065,0.0,0.0,0.175,@BBC,2018-10-08 04:41:17,"RT @BBC: ğŸ¤ğŸ¶ The music. The performances. The Internet. The fans.

What is it that has made #KPop superstars @BTS_twt so successful? #BTS
ğŸ‘‰â€¦",54
54,0.7065,0.0,0.0,0.175,@BBC,2018-10-08 04:41:14,"RT @BBC: ğŸ¤ğŸ¶ The music. The performances. The Internet. The fans.

What is it that has made #KPop superstars @BTS_twt so successful? #BTS
ğŸ‘‰â€¦",55
55,0.0,0.0,0.0,0.0,@BBC,2018-10-08 04:41:14,RT @BBC: Little girls donâ€™t stay little forever. https://t.co/3yThJBbcUs,56
56,0.7065,0.0,0.0,0.175,@BBC,2018-10-08 04:41:13,"RT @BBC: ğŸ¤ğŸ¶ The music. The performances. The Internet. The fans.

What is it that has made #KPop superstars @BTS_twt so successful? #BTS
ğŸ‘‰â€¦",57
57,0.7065,0.0,0.0,0.175,@BBC,2018-10-08 04:41:12,"RT @BBC: ğŸ¤ğŸ¶ The music. The performances. The Internet. The fans.

What is it that has made #KPop superstars @BTS_twt so successful? #BTS
ğŸ‘‰â€¦",58
58,-0.296,0.084,0.084,0.0,@BBC,2018-10-08 04:41:12,"RT @vegrabYLnslH62H: @BBC @BTS_National @BTS_twt No wonder that #BTS is in the center of pop music. From now on , they will lead to the indâ€¦",59
59,0.5859,0.0,0.0,0.194,@BBC,2018-10-08 04:41:06,"RT @brighteyes_aube: @BBC @BTS_twt As singer, BTS is powerful musician who has created their own songs and lyrics.ğŸ’œ
What is amaging, howeveâ€¦",60
60,0.7065,0.0,0.0,0.175,@BBC,2018-10-08 04:41:04,"RT @BBC: ğŸ¤ğŸ¶ The music. The performances. The Internet. The fans.

What is it that has made #KPop superstars @BTS_twt so successful? #BTS
ğŸ‘‰â€¦",61
61,0.0,0.0,0.0,0.0,@BBC,2018-10-08 04:40:54,"@EMRozenfelds @gasteropanhaus @BBC i don't think there was any political correctness driving things, have you everâ€¦ https://t.co/jBPj5vx7N2",62
62,0.0,0.0,0.0,0.0,@BBC,2018-10-08 04:40:41,@walterowensgrpa @BBC https://t.co/yv97CaInTC,63
63,-0.296,0.084,0.084,0.0,@BBC,2018-10-08 04:40:38,"RT @vegrabYLnslH62H: @BBC @BTS_National @BTS_twt No wonder that #BTS is in the center of pop music. From now on , they will lead to the indâ€¦",64
64,0.7065,0.0,0.0,0.175,@BBC,2018-10-08 04:40:35,"RT @BBC: ğŸ¤ğŸ¶ The music. The performances. The Internet. The fans.

What is it that has made #KPop superstars @BTS_twt so successful? #BTS
ğŸ‘‰â€¦",65
65,0.7065,0.0,0.0,0.175,@BBC,2018-10-08 04:40:29,"RT @BBC: ğŸ¤ğŸ¶ The music. The performances. The Internet. The fans.

What is it that has made #KPop superstars @BTS_twt so successful? #BTS
ğŸ‘‰â€¦",66
66,0.7065,0.0,0.0,0.175,@BBC,2018-10-08 04:40:26,"RT @BBC: ğŸ¤ğŸ¶ The music. The performances. The Internet. The fans.

What is it that has made #KPop superstars @BTS_twt so successful? #BTS
ğŸ‘‰â€¦",67
67,0.1531,0.147,0.147,0.187,@BBC,2018-10-08 04:40:12,"I can't believe @BBC didn't do this themselves. What a missed opportunity. #DoctorWho
https://t.co/GtLdQFXgJJ",68
68,0.0,0.0,0.0,0.0,@BBC,2018-10-08 04:40:04,"RT @FutureVictm498A: #MenToo 
à¤®à¥‡à¤°à¤¾ à¤­à¥€ 2 à¤¬à¤¾à¤° à¤¸à¥‡à¤•à¥à¤¸à¥à¤…à¤² à¤¹à¤°à¤¾à¤¸à¤®à¥‡à¤‚à¤Ÿ à¤¹à¥à¤† à¤¹à¥ˆ à¤à¤• à¤¬à¤¾à¤° à¤–à¥à¤¦ à¤•à¥‡ à¤˜à¤° à¤®à¥‡à¤‚ à¤”à¤° à¤¦à¥‚à¤¸à¤°à¥‡ à¤¬à¤¾à¤° à¤•à¤¹à¥€à¤‚ à¤”à¤° à¤‰à¤¸ à¤¸à¤®à¤¯ à¤®à¥ˆà¤‚ à¤²à¤—à¤­à¤— 13 à¤µà¤°à¥à¤· à¤•à¤¾â€¦",69
69,0.0,0.0,0.0,0.0,@BBC,2018-10-08 04:40:00,"RT @astro_timpeake: I always feel at home in the @sciencemuseum Space Gallery. Filming for an upcoming @BBC #SkyAtNight about Black Arrow,â€¦",70
70,0.7065,0.0,0.0,0.175,@BBC,2018-10-08 04:40:00,"RT @BBC: ğŸ¤ğŸ¶ The music. The performances. The Internet. The fans.

What is it that has made #KPop superstars @BTS_twt so successful? #BTS
ğŸ‘‰â€¦",71
71,0.7065,0.0,0.0,0.175,@BBC,2018-10-08 04:39:49,"RT @BBC: ğŸ¤ğŸ¶ The music. The performances. The Internet. The fans.

What is it that has made #KPop superstars @BTS_twt so successful? #BTS
ğŸ‘‰â€¦",72
72,0.7065,0.0,0.0,0.175,@BBC,2018-10-08 04:39:36,"RT @BBC: ğŸ¤ğŸ¶ The music. The performances. The Internet. The fans.

What is it that has made #KPop superstars @BTS_twt so successful? #BTS
ğŸ‘‰â€¦",73
73,0.4574,0.0,0.0,0.2,@BBC,2018-10-08 04:39:33,RT @iPopMusicNews: RETWEET if you want radio to play @AvrilLavigne #HeadAboveWater ! @1027KIISFM @BBCR1 @bbc @capital @spin1038 @RTE2fm @beâ€¦,74
74,0.7065,0.0,0.0,0.175,@BBC,2018-10-08 04:39:29,"RT @BBC: ğŸ¤ğŸ¶ The music. The performances. The Internet. The fans.

What is it that has made #KPop superstars @BTS_twt so successful? #BTS
ğŸ‘‰â€¦",75
75,0.7065,0.0,0.0,0.175,@BBC,2018-10-08 04:39:29,"RT @BBC: ğŸ¤ğŸ¶ The music. The performances. The Internet. The fans.

What is it that has made #KPop superstars @BTS_twt so successful? #BTS
ğŸ‘‰â€¦",76
76,0.7065,0.0,0.0,0.175,@BBC,2018-10-08 04:39:05,"RT @BBC: ğŸ¤ğŸ¶ The music. The performances. The Internet. The fans.

What is it that has made #KPop superstars @BTS_twt so successful? #BTS
ğŸ‘‰â€¦",77
77,0.7065,0.0,0.0,0.175,@BBC,2018-10-08 04:38:59,"RT @BBC: ğŸ¤ğŸ¶ The music. The performances. The Internet. The fans.

What is it that has made #KPop superstars @BTS_twt so successful? #BTS
ğŸ‘‰â€¦",78
78,0.0,0.0,0.0,0.0,@BBC,2018-10-08 04:38:45,RT @BBC: Little girls donâ€™t stay little forever. https://t.co/3yThJBbcUs,79
79,0.0,0.0,0.0,0.0,@BBC,2018-10-08 04:38:36,"@Afsheenn @BBC Ú¯Ø²ÛŒÙ†Ù‡ Ø®Ø§ÛŒÙ…Ø§Ù„ÛŒ Ø±Ùˆ Ù‡Ù… Ø§Ø¶Ø§ÙÙ‡ Ú©Ù†
Ú©Ù„Ø§ Ø®Ø§ÛŒÙ‡ Ø®ÙˆØ±ÛŒ Ø±Ùˆ Ø¯ÙˆØ³Øª Ø¯Ø§Ø±Ù†",80
80,0.7065,0.0,0.0,0.175,@BBC,2018-10-08 04:38:33,"RT @BBC: ğŸ¤ğŸ¶ The music. The performances. The Internet. The fans.

What is it that has made #KPop superstars @BTS_twt so successful? #BTS
ğŸ‘‰â€¦",81
81,0.7065,0.0,0.0,0.175,@BBC,2018-10-08 04:37:49,"RT @BBC: ğŸ¤ğŸ¶ The music. The performances. The Internet. The fans.

What is it that has made #KPop superstars @BTS_twt so successful? #BTS
ğŸ‘‰â€¦",82
82,-0.4189,0.217,0.217,0.098,@BBC,2018-10-08 04:37:41,"RT @BBC: Please can everyone stop drinking their own urine?
Itâ€™s really not very good for you.
ğŸ‘‰ https://t.co/gJwPTW9aiI https://t.co/E8aW0â€¦",83
83,0.9134,0.0,0.0,0.442,@BBC,2018-10-08 04:37:40,"RT @nazirafzal: Absolutely adored #DoctorWho &amp; Jodie Whittaker &amp; what a beautifully talented diverse team
This was everything I hoped and mâ€¦",84
84,0.7065,0.0,0.0,0.175,@BBC,2018-10-08 04:37:40,"RT @BBC: ğŸ¤ğŸ¶ The music. The performances. The Internet. The fans.

What is it that has made #KPop superstars @BTS_twt so successful? #BTS
ğŸ‘‰â€¦",85
85,0.9698,0.0,0.0,0.681,@BBC,2018-10-08 04:37:19,@BBC @choi_bts2 @BTS_twt They re talented ! Humble kind smart fun and love army ğŸ˜˜we love BTSğŸ’œ,86
86,0.0,0.0,0.0,0.0,@BBC,2018-10-08 04:36:51,â€œin a poison-pen letter Friday to investors that eccentric billionaire is looking for a way out of his company to aâ€¦ https://t.co/jBNMdZq3rO,87
87,0.7065,0.0,0.0,0.175,@BBC,2018-10-08 04:36:46,"RT @BBC: ğŸ¤ğŸ¶ The music. The performances. The Internet. The fans.

What is it that has made #KPop superstars @BTS_twt so successful? #BTS
ğŸ‘‰â€¦",88
88,0.7065,0.0,0.0,0.175,@BBC,2018-10-08 04:36:43,"RT @BBC: ğŸ¤ğŸ¶ The music. The performances. The Internet. The fans.

What is it that has made #KPop superstars @BTS_twt so successful? #BTS
ğŸ‘‰â€¦",89
89,0.0,0.0,0.0,0.0,@BBC,2018-10-08 04:36:42,@BBC Who is everyone https://t.co/NteA92Q2Nm,90
90,-0.4215,0.543,0.543,0.239,@BBC,2018-10-08 04:36:40,"@BBC ok chillll
ill stop",91
91,0.7065,0.0,0.0,0.175,@BBC,2018-10-08 04:36:39,"RT @BBC: ğŸ¤ğŸ¶ The music. The performances. The Internet. The fans.

What is it that has made #KPop superstars @BTS_twt so successful? #BTS
ğŸ‘‰â€¦",92
92,0.7065,0.0,0.0,0.175,@BBC,2018-10-08 04:36:38,"RT @BBC: ğŸ¤ğŸ¶ The music. The performances. The Internet. The fans.

What is it that has made #KPop superstars @BTS_twt so successful? #BTS
ğŸ‘‰â€¦",93
93,0.7065,0.0,0.0,0.175,@BBC,2018-10-08 04:36:30,"RT @BBC: ğŸ¤ğŸ¶ The music. The performances. The Internet. The fans.

What is it that has made #KPop superstars @BTS_twt so successful? #BTS
ğŸ‘‰â€¦",94
94,0.7065,0.0,0.0,0.175,@BBC,2018-10-08 04:36:24,"RT @BBC: ğŸ¤ğŸ¶ The music. The performances. The Internet. The fans.

What is it that has made #KPop superstars @BTS_twt so successful? #BTS
ğŸ‘‰â€¦",95
95,0.0,0.0,0.0,0.0,@BBC,2018-10-08 04:36:23,"RT @KenFry10: Come listen to my conversation with Emit Blackwell.
https://t.co/Olwee0PUHD  
On writing and publishing.

@EmitBlackwell
@Amaâ€¦",96
96,0.7065,0.0,0.0,0.175,@BBC,2018-10-08 04:36:21,"RT @BBC: ğŸ¤ğŸ¶ The music. The performances. The Internet. The fans.

What is it that has made #KPop superstars @BTS_twt so successful? #BTS
ğŸ‘‰â€¦",97
97,0.7065,0.0,0.0,0.175,@BBC,2018-10-08 04:36:18,"RT @BBC: ğŸ¤ğŸ¶ The music. The performances. The Internet. The fans.

What is it that has made #KPop superstars @BTS_twt so successful? #BTS
ğŸ‘‰â€¦",98
98,-0.5859,0.16,0.16,0.0,@BBC,2018-10-08 04:36:17,The @bbc doing all it can to maintian the fiction that boys don't expereince sexual harrassment or assault and thatâ€¦ https://t.co/3MK1D4hJsf,99
99,0.7065,0.0,0.0,0.175,@BBC,2018-10-08 04:36:14,"RT @BBC: ğŸ¤ğŸ¶ The music. The performances. The Internet. The fans.

What is it that has made #KPop superstars @BTS_twt so successful? #BTS
ğŸ‘‰â€¦",100
100,0.0,0.0,0.0,0.0,@CBS,2018-10-08 04:49:13,RT @MarkDice: .@CBS employee and @ColbertLateShow writer. https://t.co/btOsMJuhqp,1
101,0.0,0.0,0.0,0.0,@CBS,2018-10-08 04:48:59,RT @MarkDice: .@CBS employee and @ColbertLateShow writer. https://t.co/btOsMJuhqp,2
102,0.0,0.0,0.0,0.0,@CBS,2018-10-08 04:48:44,RT @MOTGeekverse: En Enero del proximo aÃ±o tendremos la segunda temporada de #StarTrekDiscovery por @CBS https://t.co/NI3Ezt7Mqi,3
103,0.0,0.0,0.0,0.0,@CBS,2018-10-08 04:48:38,RT @MarkDice: .@CBS employee and @ColbertLateShow writer. https://t.co/btOsMJuhqp,4
104,0.0,0.0,0.0,0.0,@CBS,2018-10-08 04:48:31,RT @MarkDice: .@CBS employee and @ColbertLateShow writer. https://t.co/btOsMJuhqp,5
105,0.0,0.0,0.0,0.0,@CBS,2018-10-08 04:48:30,RT @MarkDice: .@CBS employee and @ColbertLateShow writer. https://t.co/btOsMJuhqp,6
106,0.0,0.0,0.0,0.0,@CBS,2018-10-08 04:48:24,RT @MarkDice: .@CBS employee and @ColbertLateShow writer. https://t.co/btOsMJuhqp,7
107,0.0,0.0,0.0,0.0,@CBS,2018-10-08 04:48:24,RT @MarkDice: .@CBS employee and @ColbertLateShow writer. https://t.co/btOsMJuhqp,8
108,0.0,0.0,0.0,0.0,@CBS,2018-10-08 04:48:20,"RT @madeleine: Colin Powell, @HillaryClinton, and I used to consult each other when we were Secretaries of State. Watch as Elizabeth McCordâ€¦",9
109,0.0,0.0,0.0,0.0,@CBS,2018-10-08 04:48:14,RT @MarkDice: .@CBS employee and @ColbertLateShow writer. https://t.co/btOsMJuhqp,10
110,0.0,0.0,0.0,0.0,@CBS,2018-10-08 04:48:12,RT @MarkDice: .@CBS employee and @ColbertLateShow writer. https://t.co/btOsMJuhqp,11
111,0.0,0.0,0.0,0.0,@CBS,2018-10-08 04:48:12,RT @MarkDice: .@CBS employee and @ColbertLateShow writer. https://t.co/btOsMJuhqp,12
112,0.0,0.0,0.0,0.0,@CBS,2018-10-08 04:48:09,RT @MarkDice: .@CBS employee and @ColbertLateShow writer. https://t.co/btOsMJuhqp,13
113,0.0,0.0,0.0,0.0,@CBS,2018-10-08 04:48:06,RT @MarkDice: .@CBS employee and @ColbertLateShow writer. https://t.co/btOsMJuhqp,14
114,0.0,0.0,0.0,0.0,@CBS,2018-10-08 04:48:06,@Pattern_Hustler @MarkDice @CBS @colbertlateshow https://t.co/wRiXj5Ski2,15
115,0.0,0.0,0.0,0.0,@CBS,2018-10-08 04:48:04,RT @Hotwing209: @MarkDice @CBS @colbertlateshow https://t.co/t8boN33Liv,16
116,-0.6369,0.296,0.296,0.121,@CBS,2018-10-08 04:48:02,"@MarkDice @CBS @colbertlateshow Fortunately the ""tolerant"" liberals failed in their quest to ruin a good, decent, hâ€¦ https://t.co/IJhoWdKay0",17
117,-0.8122,0.346,0.346,0.0,@CBS,2018-10-08 04:48:02,"Holy Moses! What a dumb bitch is @ArielDumas, @CBS employee and @ColbertLateShow #writer â˜
'Whatever happenes, I'mâ€¦ https://t.co/O8EXn9agz6",18
118,0.0,0.0,0.0,0.0,@CBS,2018-10-08 04:47:55,"RT @madeleine: Colin Powell, @HillaryClinton, and I used to consult each other when we were Secretaries of State. Watch as Elizabeth McCordâ€¦",19
119,-0.576,0.334,0.334,0.136,@CBS,2018-10-08 04:47:54,@kukishinden9 @MattOnAir @CBS @colbertlateshow Bot acct...and a really stupid one. Please report before blocking,20
120,0.0,0.0,0.0,0.0,@CBS,2018-10-08 04:47:51,RT @MarkDice: .@CBS employee and @ColbertLateShow writer. https://t.co/btOsMJuhqp,21
121,0.7256,0.0,0.0,0.243,@CBS,2018-10-08 04:47:50,"RT @Cirincione: MUST SEE!  ON @CBS right now. A true meeting of the minds! @HillaryClinton , @madeleine and Powell there to help Secretaryâ€¦",22
122,0.0,0.0,0.0,0.0,@CBS,2018-10-08 04:47:48,RT @MarkDice: .@CBS employee and @ColbertLateShow writer. https://t.co/btOsMJuhqp,23
123,0.0,0.0,0.0,0.0,@CBS,2018-10-08 04:47:45,RT @MarkDice: .@CBS employee and @ColbertLateShow writer. https://t.co/btOsMJuhqp,24
124,-0.7955,0.336,0.336,0.0,@CBS,2018-10-08 04:47:40,@MarkDice @realpietretief @CBS @colbertlateshow This Woman must face civil prosecution and pay damages so must all the ring leaders!!,25
125,0.0,0.0,0.0,0.0,@CBS,2018-10-08 04:47:39,RT @MarkDice: .@CBS employee and @ColbertLateShow writer. https://t.co/btOsMJuhqp,26
126,0.0,0.0,0.0,0.0,@CBS,2018-10-08 04:47:26,"RT @madeleine: Colin Powell, @HillaryClinton, and I used to consult each other when we were Secretaries of State. Watch as Elizabeth McCordâ€¦",27
127,0.0,0.0,0.0,0.0,@CBS,2018-10-08 04:47:19,RT @MarkDice: .@CBS employee and @ColbertLateShow writer. https://t.co/btOsMJuhqp,28
128,0.0,0.0,0.0,0.0,@CBS,2018-10-08 04:47:11,RT @MarkDice: .@CBS employee and @ColbertLateShow writer. https://t.co/btOsMJuhqp,29
129,0.0,0.0,0.0,0.0,@CBS,2018-10-08 04:46:55,RT @MarkDice: .@CBS employee and @ColbertLateShow writer. https://t.co/btOsMJuhqp,30
130,0.0,0.0,0.0,0.0,@CBS,2018-10-08 04:46:51,RT @MarkDice: .@CBS employee and @ColbertLateShow writer. https://t.co/btOsMJuhqp,31
131,0.0,0.0,0.0,0.0,@CBS,2018-10-08 04:46:48,RT @MarkDice: .@CBS employee and @ColbertLateShow writer. https://t.co/btOsMJuhqp,32
132,0.0,0.0,0.0,0.0,@CBS,2018-10-08 04:46:40,RT @MarkDice: .@CBS employee and @ColbertLateShow writer. https://t.co/btOsMJuhqp,33
133,0.0,0.0,0.0,0.0,@CBS,2018-10-08 04:46:38,RT @MarkDice: .@CBS employee and @ColbertLateShow writer. https://t.co/btOsMJuhqp,34
134,0.0,0.0,0.0,0.0,@CBS,2018-10-08 04:46:34,RT @MarkDice: .@CBS employee and @ColbertLateShow writer. https://t.co/btOsMJuhqp,35
135,-0.4445,0.258,0.258,0.13,@CBS,2018-10-08 04:46:17,@MattOnAir @DavidShaffier @CBS @colbertlateshow So when smart people call you out for a ridiculously bad and intentâ€¦ https://t.co/f30uwxmGaP,36
136,0.0,0.0,0.0,0.0,@CBS,2018-10-08 04:46:07,@dawnlyen @hall_m_brandon @GodFriendedMe @CBS I was watching on West Coast and it took me a few minutes. It took meâ€¦ https://t.co/A6VP9ZGsGm,37
137,-0.3612,0.179,0.179,0.0,@CBS,2018-10-08 04:46:04,@MarkDice @CBS @colbertlateshow CBS: we are sad by this tweet but stand behind her for saying sorry.  Me: ğŸ™„,38
138,-0.7184,0.273,0.273,0.0,@CBS,2018-10-08 04:46:04,RT @BlueCheckHate: @MarkDice @CBS @colbertlateshow The left is attacking their own now. Can you smell the desperation? https://t.co/o2ISKnaâ€¦,39
139,0.0,0.0,0.0,0.0,@CBS,2018-10-08 04:45:53,@MarkDice @CBS @colbertlateshow @cbs come get your mans,40
140,0.0,0.0,0.0,0.0,@CBS,2018-10-08 04:45:38,RT @MarkDice: .@CBS employee and @ColbertLateShow writer. https://t.co/btOsMJuhqp,41
141,0.0,0.0,0.0,0.0,@CBS,2018-10-08 04:45:33,RT @MarkDice: .@CBS employee and @ColbertLateShow writer. https://t.co/btOsMJuhqp,42
142,-0.4404,0.195,0.195,0.0,@CBS,2018-10-08 04:45:31,@MarkDice @CBS @colbertlateshow Patterns of Formations: The Prejudiced Mayhem of Politics https://t.co/8LpOYsbCSR https://t.co/uMhVXQpG1q,43
143,0.6901,0.0,0.0,0.387,@CBS,2018-10-08 04:45:30,@MarkDice @CBS @colbertlateshow I'm sure Colbert is very proud of her.,44
144,0.6239,0.0,0.0,0.506,@CBS,2018-10-08 04:45:24,@erichbergen @MadamSecretary @CBS Brilliant episode!,45
145,-0.7531,0.263,0.263,0.0,@CBS,2018-10-08 04:45:21,"RT @HotShot_78: #TrueMAGAã€½ï¸ğŸ¦…
Watching MSM cover Brett Kavanaigh nomination, they wonder why they have the lowest ratings...

""The FAKE NEWSâ€¦",46
146,0.4329,0.0,0.0,0.115,@CBS,2018-10-08 04:45:18,"RT @MattOnAir: Ask yourself:
Why is a writer on a @CBS comedy show tasked with â€œruining a judges lifeâ€?

What business is @CBS in?
What busâ€¦",47
147,0.0,0.0,0.0,0.0,@CBS,2018-10-08 04:45:17,RT @MarkDice: .@CBS employee and @ColbertLateShow writer. https://t.co/btOsMJuhqp,48
148,0.0,0.0,0.0,0.0,@CBS,2018-10-08 04:45:13,@MarkDice @CBS @colbertlateshow https://t.co/M46p3JckKr,49
149,0.0,0.0,0.0,0.0,@CBS,2018-10-08 04:45:08,RT @MarkDice: .@CBS employee and @ColbertLateShow writer. https://t.co/btOsMJuhqp,50
150,0.6124,0.0,0.0,0.217,@CBS,2018-10-08 04:45:02,"RT @LoriMcCreary: The Madam Secretary team would like to thank Secretaries of State Madeleine Albright, Hillary Clinton, and General Colinâ€¦",51
151,0.0,0.0,0.0,0.0,@CBS,2018-10-08 04:45:00,RT @MarkDice: .@CBS employee and @ColbertLateShow writer. https://t.co/btOsMJuhqp,52
152,-0.2677,0.187,0.187,0.131,@CBS,2018-10-08 04:44:57,@Hotwing209 @MarkDice @CBS @colbertlateshow I'd like to make Joe squeal &amp; Scream my name!!! https://t.co/UnJ1ht0Gl2,53
153,0.5574,0.0,0.0,0.194,@CBS,2018-10-08 04:44:52,@MarkDice @CBS @colbertlateshow Kavanaugh is Spartacus. He's an American hero. His life is far from over.,54
154,0.0,0.0,0.0,0.0,@CBS,2018-10-08 04:44:49,RT @MarkDice: .@CBS employee and @ColbertLateShow writer. https://t.co/btOsMJuhqp,55
155,0.0,0.0,0.0,0.0,@CBS,2018-10-08 04:44:49,RT @MarkDice: .@CBS employee and @ColbertLateShow writer. https://t.co/btOsMJuhqp,56
156,0.8342,0.0,0.0,0.396,@CBS,2018-10-08 04:44:48,RT @Atlbiscuit: @madeleine @HillaryClinton @TeaLeoni @MadamSecretary @CBS Brilliant episode and SO timely! Thank you!,57
157,0.0,0.0,0.0,0.0,@CBS,2018-10-08 04:44:45,RT @MarkDice: .@CBS employee and @ColbertLateShow writer. https://t.co/btOsMJuhqp,58
158,0.0,0.158,0.158,0.158,@CBS,2018-10-08 04:44:45,"@EvHBrown @MarkDice @CBS @colbertlateshow It's only ""Ruined"" if you are Nuts !   :-)",59
159,0.0,0.0,0.0,0.0,@CBS,2018-10-08 04:44:37,RT @MarkDice: .@CBS employee and @ColbertLateShow writer. https://t.co/btOsMJuhqp,60
160,0.0,0.0,0.0,0.0,@CBS,2018-10-08 04:44:36,RT @MarkDice: .@CBS employee and @ColbertLateShow writer. https://t.co/btOsMJuhqp,61
161,0.0,0.0,0.0,0.0,@CBS,2018-10-08 04:44:33,RT @MarkDice: .@CBS employee and @ColbertLateShow writer. https://t.co/btOsMJuhqp,62
162,0.3612,0.0,0.0,0.263,@CBS,2018-10-08 04:44:30,@MarkDice @CBS @colbertlateshow She looks like Dum-as(s) Material,63
163,0.0,0.0,0.0,0.0,@CBS,2018-10-08 04:44:22,RT @MarkDice: .@CBS employee and @ColbertLateShow writer. https://t.co/btOsMJuhqp,64
164,0.5473,0.0,0.0,0.15,@CBS,2018-10-08 04:44:12,#TrumpNation is just over 60 white males? LOL. Look at the make-up of the people behind @realDonaldTrump at ANY ralâ€¦ https://t.co/SuLus7XXdw,65
165,0.0,0.0,0.0,0.0,@CBS,2018-10-08 04:44:08,RT @MarkDice: .@CBS employee and @ColbertLateShow writer. https://t.co/btOsMJuhqp,66
166,0.0,0.0,0.0,0.0,@CBS,2018-10-08 04:44:05,@MarkDice @Luke4Tech @CBS @colbertlateshow https://t.co/JH8u4LTcr7,67
167,-0.3612,0.179,0.179,0.0,@CBS,2018-10-08 04:44:02,"RT @MadamSecretary: Worlds collide when former Secretaries of State @HillaryClinton, @madeleine, and Colin Powell stop by #MadamSecretary fâ€¦",68
168,-0.3182,0.365,0.365,0.0,@CBS,2018-10-08 04:44:02,@MarkDice @CBS @colbertlateshow Boycott CBS,69
169,0.0,0.0,0.0,0.0,@CBS,2018-10-08 04:43:59,RT @MarkDice: .@CBS employee and @ColbertLateShow writer. https://t.co/btOsMJuhqp,70
170,0.0,0.0,0.0,0.0,@CBS,2018-10-08 04:43:58,RT @Apri1nParis: @MarkDice @CBS @colbertlateshow https://t.co/kSLEgjYMLX,71
171,0.8342,0.0,0.0,0.44,@CBS,2018-10-08 04:43:45,@madeleine @HillaryClinton @TeaLeoni @MadamSecretary @CBS Brilliant episode and SO timely! Thank you!,72
172,0.0,0.0,0.0,0.0,@CBS,2018-10-08 04:43:35,RT @MarkDice: .@CBS employee and @ColbertLateShow writer. https://t.co/btOsMJuhqp,73
173,0.0,0.0,0.0,0.0,@CBS,2018-10-08 04:43:20,RT @MarkDice: .@CBS employee and @ColbertLateShow writer. https://t.co/btOsMJuhqp,74
174,0.0,0.0,0.0,0.0,@CBS,2018-10-08 04:43:11,@MarkDice @kikilauridsen @CBS @colbertlateshow Thereâ€™s a reason her last name is â€œDumasâ€,75
175,0.0,0.0,0.0,0.0,@CBS,2018-10-08 04:43:11,RT @MarkDice: .@CBS employee and @ColbertLateShow writer. https://t.co/btOsMJuhqp,76
176,0.0,0.0,0.0,0.0,@CBS,2018-10-08 04:42:59,RT @MarkDice: .@CBS employee and @ColbertLateShow writer. https://t.co/btOsMJuhqp,77
177,0.1779,0.129,0.129,0.17,@CBS,2018-10-08 04:42:43,@MarkDice @The_Smirker @CBS @colbertlateshow No wonder @colbertlateshow isnâ€™t remotely funny ..no wonder I stoppedâ€¦ https://t.co/7z1Uin2Ys5,78
178,-0.1779,0.19,0.19,0.16,@CBS,2018-10-08 04:42:43,"@MarkDice @CBS @colbertlateshow @MarkDice @CBS and @colbertlateshow How evil men are, some people find pleasure ifâ€¦ https://t.co/NTrgrA9sgF",79
179,0.3612,0.0,0.0,0.135,@CBS,2018-10-08 04:42:38,RT @itsRamel: Are you ready to have a real conversation? Tune into @GodFriendedMe next week on @CBS ğŸ™ğŸ¾,80
180,-0.3818,0.157,0.157,0.0,@CBS,2018-10-08 04:42:28,"@MarkDice @CBS @colbertlateshow Another ethically decrepit progressive, incapable of rational thought or human behaâ€¦ https://t.co/ntoUZfYBA6",81
181,0.0,0.0,0.0,0.0,@CBS,2018-10-08 04:42:28,@MarkDice @CBS @colbertlateshow Speaking for CBS. All it takes at CBS to be shunned/demoted/fired is wearing red soâ€¦ https://t.co/epr7n9jVDL,82
182,0.0,0.0,0.0,0.0,@CBS,2018-10-08 04:42:26,RT @MarkDice: .@CBS employee and @ColbertLateShow writer. https://t.co/btOsMJuhqp,83
183,0.0,0.0,0.0,0.0,@CBS,2018-10-08 04:42:25,RT @MarkDice: .@CBS employee and @ColbertLateShow writer. https://t.co/btOsMJuhqp,84
184,0.0,0.0,0.0,0.0,@CBS,2018-10-08 04:42:19,RT @MarkDice: .@CBS employee and @ColbertLateShow writer. https://t.co/btOsMJuhqp,85
185,0.0,0.0,0.0,0.0,@CBS,2018-10-08 04:42:14,RT @MarkDice: .@CBS employee and @ColbertLateShow writer. https://t.co/btOsMJuhqp,86
186,0.8537,0.0,0.0,0.358,@CBS,2018-10-08 04:42:13,RT @NEMIProgressive: @madeleine @HillaryClinton @TeaLeoni @MadamSecretary @CBS So fabulous! What a great moment. It was a very moving episoâ€¦,87
187,0.0,0.0,0.0,0.0,@CBS,2018-10-08 04:42:01,RT @MarkDice: .@CBS employee and @ColbertLateShow writer. https://t.co/btOsMJuhqp,88
188,0.0,0.0,0.0,0.0,@CBS,2018-10-08 04:41:52,RT @MarkDice: .@CBS employee and @ColbertLateShow writer. https://t.co/btOsMJuhqp,89
189,0.0,0.0,0.0,0.0,@CBS,2018-10-08 04:41:49,RT @MarkDice: .@CBS employee and @ColbertLateShow writer. https://t.co/btOsMJuhqp,90
190,0.6808,0.0,0.0,0.172,@CBS,2018-10-08 04:41:48,"RT @M31mu: @CBS Fans of Scorpion can save this series, we are all going to play it on Netflix and also sign or vote to make it possible
#Saâ€¦",91
191,0.0,0.0,0.0,0.0,@CBS,2018-10-08 04:41:46,RT @Loire1: @EkbMary @BLMWHB @AC360 @LESTERHOLTNBC @60MINUTES @ABC2020 @NIGHTLINE @DATELINE @DAILYMAIL @ABC @CBS @NBC @AP @NYTIMES @WASHINGâ€¦,92
192,0.0,0.0,0.0,0.0,@CBS,2018-10-08 04:41:44,RT @MarkDice: .@CBS employee and @ColbertLateShow writer. https://t.co/btOsMJuhqp,93
193,0.0,0.0,0.0,0.0,@CBS,2018-10-08 04:41:39,RT @Hotwing209: @MarkDice @CBS @colbertlateshow https://t.co/t8boN33Liv,94
194,0.0,0.0,0.0,0.0,@CBS,2018-10-08 04:41:36,RT @MarkDice: .@CBS employee and @ColbertLateShow writer. https://t.co/btOsMJuhqp,95
195,0.0,0.0,0.0,0.0,@CBS,2018-10-08 04:41:35,RT @MarkDice: .@CBS employee and @ColbertLateShow writer. https://t.co/btOsMJuhqp,96
196,0.0,0.0,0.0,0.0,@CBS,2018-10-08 04:49:13,RT @MarkDice: .@CBS employee and @ColbertLateShow writer. https://t.co/btOsMJuhqp,97
197,0.0,0.0,0.0,0.0,@CBS,2018-10-08 04:48:59,RT @MarkDice: .@CBS employee and @ColbertLateShow writer. https://t.co/btOsMJuhqp,98
198,0.0,0.0,0.0,0.0,@CBS,2018-10-08 04:48:44,RT @MOTGeekverse: En Enero del proximo aÃ±o tendremos la segunda temporada de #StarTrekDiscovery por @CBS https://t.co/NI3Ezt7Mqi,99
199,0.0,0.0,0.0,0.0,@CBS,2018-10-08 04:48:38,RT @MarkDice: .@CBS employee and @ColbertLateShow writer. https://t.co/btOsMJuhqp,100
200,0.0,0.0,0.0,0.0,@CBS,2018-10-08 04:48:31,RT @MarkDice: .@CBS employee and @ColbertLateShow writer. https://t.co/btOsMJuhqp,101
201,0.0,0.0,0.0,0.0,@CBS,2018-10-08 04:48:30,RT @MarkDice: .@CBS employee and @ColbertLateShow writer. https://t.co/btOsMJuhqp,102
202,0.0,0.0,0.0,0.0,@CBS,2018-10-08 04:48:24,RT @MarkDice: .@CBS employee and @ColbertLateShow writer. https://t.co/btOsMJuhqp,103
203,0.0,0.0,0.0,0.0,@CBS,2018-10-08 04:48:24,RT @MarkDice: .@CBS employee and @ColbertLateShow writer. https://t.co/btOsMJuhqp,104
204,0.0,0.0,0.0,0.0,@CBS,2018-10-08 04:48:20,"RT @madeleine: Colin Powell, @HillaryClinton, and I used to consult each other when we were Secretaries of State. Watch as Elizabeth McCordâ€¦",105
205,0.0,0.0,0.0,0.0,@CBS,2018-10-08 04:48:14,RT @MarkDice: .@CBS employee and @ColbertLateShow writer. https://t.co/btOsMJuhqp,106
206,0.0,0.0,0.0,0.0,@CBS,2018-10-08 04:48:12,RT @MarkDice: .@CBS employee and @ColbertLateShow writer. https://t.co/btOsMJuhqp,107
207,0.0,0.0,0.0,0.0,@CBS,2018-10-08 04:48:12,RT @MarkDice: .@CBS employee and @ColbertLateShow writer. https://t.co/btOsMJuhqp,108
208,0.0,0.0,0.0,0.0,@CBS,2018-10-08 04:48:09,RT @MarkDice: .@CBS employee and @ColbertLateShow writer. https://t.co/btOsMJuhqp,109
209,0.0,0.0,0.0,0.0,@CBS,2018-10-08 04:48:06,RT @MarkDice: .@CBS employee and @ColbertLateShow writer. https://t.co/btOsMJuhqp,110
210,0.0,0.0,0.0,0.0,@CBS,2018-10-08 04:48:06,@Pattern_Hustler @MarkDice @CBS @colbertlateshow https://t.co/wRiXj5Ski2,111
211,0.0,0.0,0.0,0.0,@CBS,2018-10-08 04:48:04,RT @Hotwing209: @MarkDice @CBS @colbertlateshow https://t.co/t8boN33Liv,112
212,-0.6369,0.296,0.296,0.121,@CBS,2018-10-08 04:48:02,"@MarkDice @CBS @colbertlateshow Fortunately the ""tolerant"" liberals failed in their quest to ruin a good, decent, hâ€¦ https://t.co/IJhoWdKay0",113
213,-0.8122,0.346,0.346,0.0,@CBS,2018-10-08 04:48:02,"Holy Moses! What a dumb bitch is @ArielDumas, @CBS employee and @ColbertLateShow #writer â˜
'Whatever happenes, I'mâ€¦ https://t.co/O8EXn9agz6",114
214,0.0,0.0,0.0,0.0,@CBS,2018-10-08 04:47:55,"RT @madeleine: Colin Powell, @HillaryClinton, and I used to consult each other when we were Secretaries of State. Watch as Elizabeth McCordâ€¦",115
215,-0.576,0.334,0.334,0.136,@CBS,2018-10-08 04:47:54,@kukishinden9 @MattOnAir @CBS @colbertlateshow Bot acct...and a really stupid one. Please report before blocking,116
216,0.0,0.0,0.0,0.0,@CBS,2018-10-08 04:47:51,RT @MarkDice: .@CBS employee and @ColbertLateShow writer. https://t.co/btOsMJuhqp,117
217,0.7256,0.0,0.0,0.243,@CBS,2018-10-08 04:47:50,"RT @Cirincione: MUST SEE!  ON @CBS right now. A true meeting of the minds! @HillaryClinton , @madeleine and Powell there to help Secretaryâ€¦",118
218,0.0,0.0,0.0,0.0,@CBS,2018-10-08 04:47:48,RT @MarkDice: .@CBS employee and @ColbertLateShow writer. https://t.co/btOsMJuhqp,119
219,0.0,0.0,0.0,0.0,@CBS,2018-10-08 04:47:45,RT @MarkDice: .@CBS employee and @ColbertLateShow writer. https://t.co/btOsMJuhqp,120
220,-0.7955,0.336,0.336,0.0,@CBS,2018-10-08 04:47:40,@MarkDice @realpietretief @CBS @colbertlateshow This Woman must face civil prosecution and pay damages so must all the ring leaders!!,121
221,0.0,0.0,0.0,0.0,@CNN,2018-10-08 04:49:28,@JUSTICE4MAGA @SenWarren @SenateGOP @realDonaldTrump @MSNBC @nbc @maddow @chrislhayes @CNN @nytimes @politico Thankâ€¦ https://t.co/NgDk6cDnoB,1
222,-0.34,0.246,0.246,0.176,@CNN,2018-10-08 04:49:27,"@CNN Shit in to one hand
Hope into the other

See which fills up first 

We're McFucked since no change will happen because of greed",2
223,-0.128,0.254,0.254,0.225,@CNN,2018-10-08 04:49:26,@LEBENFOUR @CNN How about her stepsons killing beautiful and endangered animals?,3
224,0.0482,0.12,0.12,0.13,@CNN,2018-10-08 04:49:26,Climate Change Report on @CNN not good at all. We need to do more.. Be more responsible,4
225,0.3182,0.0,0.0,0.091,@CNN,2018-10-08 04:49:26,"RT @RealTonyTucci: @kaitlancollins Hi @CNN, those of us right of center are curious how you will react to this.

Same rules apply to Kaitlaâ€¦",5
226,-0.9245,0.458,0.458,0.055,@CNN,2018-10-08 04:49:25,"RT @Ostrov_A: Iâ€™m starting to understand the growing gross distrust of mainstream media!

Palestinian terrorist savagely ties up two Israelâ€¦",6
227,-0.3818,0.126,0.126,0.0,@CNN,2018-10-08 04:49:24,"RT @LogCabinGOP: Past tweets reveal @CNN reporter @kaitlancollins called people â€œfagâ€ and was uncomfortable around lesbians.

cc: @CNNPR @mâ€¦",7
228,0.0,0.0,0.0,0.0,@CNN,2018-10-08 04:49:23,"RT @ArthurSchwartz: â€œA spokesperson for CNN did not immediately return a request for comment.â€

If a Fox News reporter tweeted this garbageâ€¦",8
229,0.0,0.0,0.0,0.0,@CNN,2018-10-08 04:49:22,@CNN Real life shredder,9
230,-0.6369,0.201,0.201,0.042,@CNN,2018-10-08 04:49:19,@CNN If she was so minded she should have abstained. She has no shame. She is basically saying that she backed thatâ€¦ https://t.co/gBH2DLHt6y,10
231,0.0,0.0,0.0,0.0,@CNN,2018-10-08 04:49:19,RT @fanniew08: Did the American people get an answer? @CBSNews @NBCNews @ABC @SenatorCollins @JeffFlake @senjudiciary @KamalaHarris @SenFeiâ€¦,11
232,0.0,0.0,0.0,0.0,@CNN,2018-10-08 04:49:18,RT @CNN: Officer who shot Tamir Rice hired by small police department in Ohio https://t.co/CQgDUTGh8p,12
233,0.0,0.0,0.0,0.0,@CNN,2018-10-08 04:49:18,RT @NaiHair: @CNN from Brazil #FraudeNasUrnasEletronicas,13
234,-0.1779,0.105,0.105,0.073,@CNN,2018-10-08 04:49:15,"RT @CNN: Holding global warming to a critical limit would require ""rapid, far-reaching and unprecedented changes in all aspects of society,â€¦",14
235,-0.2869,0.158,0.158,0.108,@CNN,2018-10-08 04:49:15,"RT @Jali_Cat: ğŸš¨ATTN @TheDemocrats ğŸš¨

ğŸ“¢@KarenMonahan01 is ready to tell her story about how @keithellison abused herâ€¼ï¸â€¼ï¸

Hello?? Anyone theâ€¦",15
236,0.1779,0.084,0.084,0.116,@CNN,2018-10-08 04:49:14,"RT @CNN: Millennials are a massive voting bloc, capable of setting policy priorities and swinging elections -- and they're grossly underrepâ€¦",16
237,-0.1779,0.459,0.459,0.0,@CNN,2018-10-08 04:49:14,@CNN Seriously. https://t.co/CX9cCN0w1p,17
238,0.4939,0.0,0.0,0.344,@CNN,2018-10-08 04:49:14,Taylor Swift endorses Democrats in Tennessee midterm races @CNN https://t.co/yWnQNmBts2,18
239,-0.3818,0.148,0.148,0.0,@CNN,2018-10-08 04:49:11,RT @CNN: Tropical Storm Michael will likely slam the US as a hurricane this week https://t.co/h2IeeDR5An https://t.co/6aDzhTq0vy,19
240,0.0,0.0,0.0,0.0,@CNN,2018-10-08 04:49:08,@Rhys604 @fanniew08 @CBSNews @NBCNews @ABC @SenatorCollins @JeffFlake @senjudiciary @KamalaHarris @SenFeinsteinâ€¦ https://t.co/SzGQM1xdcX,20
241,0.5106,0.0,0.0,0.125,@CNN,2018-10-08 04:49:07,"RT @CNN: Which world leader do people trust most? Here are findings from a new global survey by the Pew Research Center.

Angela Merkel - 5â€¦",21
242,-0.7845,0.239,0.239,0.0,@CNN,2018-10-08 04:49:07,"RT @rlpage_insp: In 2007, Al Gore predicted that in ""10 years"" there would be an earth climate catastrophe. But ignore, that and believe thâ€¦",22
243,0.0,0.0,0.0,0.0,@CNN,2018-10-08 04:49:06,"RT @maydaymindy9: Did anyone else take a break from Political News Shows @MSNBC &amp; @CNN this weekend? 
If you did do you feel alittle betterâ€¦",23
244,0.0,0.0,0.0,0.0,@CNN,2018-10-08 04:49:06,@mdornic @LogCabinGOP @CNN @kaitlancollins @CNNPR @SamFeistCNN @DavidChalian Just remember if CNN is in their bio it means hypocrite !,24
245,0.4019,0.048,0.048,0.116,@CNN,2018-10-08 04:49:04,RT @JohnWesleyShipp: â—ï¸This is a good place to leave it for today @msnbc @cnn @nytimes @washingtonpost â€œif you are in opposition to my humaâ€¦,25
246,0.0,0.0,0.0,0.0,@CNN,2018-10-08 04:49:03,RT @GulfWarVet90_91: @mdornic @LogCabinGOP @CNN @kaitlancollins @CNNPR @SamFeistCNN @DavidChalian https://t.co/C9CtWg7I52,26
247,0.0,0.0,0.0,0.0,@CNN,2018-10-08 04:49:03,"How about it @maddow, @amjoyshow, @Morning_Joe, @CNN, @Lawrence, will you call her out? https://t.co/23PMR4N9pn",27
248,-0.6249,0.261,0.261,0.138,@CNN,2018-10-08 04:49:02,"RT @RealMAGASteve: Iâ€™m sure if Trump called someone a â€œFagâ€ &amp; â€œLesbianâ€ and apologized you would just forget abt it. Hell no, you &amp; @CNN woâ€¦",28
249,0.5106,0.0,0.0,0.125,@CNN,2018-10-08 04:49:02,"RT @CNN: Which world leader do people trust most? Here are findings from a new global survey by the Pew Research Center.

Angela Merkel - 5â€¦",29
250,0.0,0.0,0.0,0.0,@CNN,2018-10-08 04:49:00,@CNN Tone Deaf,30
251,0.0,0.0,0.0,0.0,@CNN,2018-10-08 04:48:59,RT @ericgarland: Hey @CNN @BBCWorld @NBCNews @washingtonpost put reporters on this and either confirm it or show he's a propagandist who neâ€¦,31
252,-0.3818,0.126,0.126,0.0,@CNN,2018-10-08 04:48:59,"RT @LogCabinGOP: Past tweets reveal @CNN reporter @kaitlancollins called people â€œfagâ€ and was uncomfortable around lesbians.

cc: @CNNPR @mâ€¦",32
253,-0.7964,0.283,0.283,0.0,@CNN,2018-10-08 04:48:58,"RT @SteveSGoddard: On September 11, 2012 the US Consulate in Benghazi, Libya was attacked by terrorists.  @BarackObama @HillaryClinton &amp; @Aâ€¦",33
254,0.5106,0.0,0.0,0.155,@CNN,2018-10-08 04:48:58,"@kaitlancollins Itâ€™s all fun and games until youâ€™re outed and crucified for an immature act in college.  Hopefully,â€¦ https://t.co/X5ZTngjGwW",34
255,0.0,0.0,0.0,0.0,@CNN,2018-10-08 04:48:57,@oiluiz tuitei para a @CNN a #FraudeNasUrnasEletronicas . Tomara que muita gente faÃ§a o mesmo .,35
256,0.0,0.0,0.0,0.0,@CNN,2018-10-08 04:48:57,RT @CNN: Officer who shot Tamir Rice hired by small police department in Ohio https://t.co/CQgDUTGh8p,36
257,0.4215,0.0,0.0,0.128,@CNN,2018-10-08 04:48:56,RT @CNN: The US Coast Guard rescued a sea turtle entangled in bundles of cocaine off the coast of Florida https://t.co/woQfUEMDWv,37
258,0.5106,0.0,0.0,0.155,@CNN,2018-10-08 04:48:54,RT @ericgarland: ^^^@BBCWorld @CBSNews @politico @deVolkskrant @NBCNews @CNN @abcnews feel free to PUT A REPORTER ON ANY OF THESE STORIES.â€¦,38
259,0.0,0.0,0.0,0.0,@CNN,2018-10-08 04:48:54,RT @CNN: Officer who shot Tamir Rice hired by small police department in Ohio https://t.co/CQgDUTGh8p,39
260,0.7003,0.0,0.0,0.537,@CNN,2018-10-08 04:48:53,@Patriot_ca @CNN Thanks have a good one too,40
261,-0.7003,0.216,0.216,0.0,@CNN,2018-10-08 04:48:52,"RT @nstr30: 10000 fascists singing ""go and get them"" (ref to Catalans). It was not enough with police brutality on #1Oct during #catalanrefâ€¦",41
262,0.4019,0.0,0.0,0.109,@CNN,2018-10-08 04:48:51,RT @ctsa: @jeffzeleny @kaitlancollins Nope. New rules as laid out by @CNN and the Democrat Party. Apologies arenâ€™t enough. She must be haraâ€¦,42
263,0.4019,0.0,0.0,0.184,@CNN,2018-10-08 04:48:51,RT @CNN: Getting to yes: How the Senate confirmed Brett Kavanaugh https://t.co/RK7E1fgQCI https://t.co/h5edXewFfq,43
264,0.0,0.0,0.0,0.0,@CNN,2018-10-08 04:48:51,@maydaymindy9 @MSNBC @CNN ğŸ¤š,44
265,0.0,0.0,0.0,0.0,@CNN,2018-10-08 04:48:47,RT @CNN: Florida Democratic gubernatorial nominee Andrew Gillum's campaign said that he is suspending his campaign activity to address prepâ€¦,45
266,-0.3818,0.126,0.126,0.0,@CNN,2018-10-08 04:48:45,"RT @LogCabinGOP: Past tweets reveal @CNN reporter @kaitlancollins called people â€œfagâ€ and was uncomfortable around lesbians.

cc: @CNNPR @mâ€¦",46
267,0.4754,0.0,0.0,0.436,@CNN,2018-10-08 04:48:45,@CNN So true Mr. Powell,47
268,-0.3818,0.126,0.126,0.0,@CNN,2018-10-08 04:48:44,"RT @LogCabinGOP: Past tweets reveal @CNN reporter @kaitlancollins called people â€œfagâ€ and was uncomfortable around lesbians.

cc: @CNNPR @mâ€¦",48
269,0.0,0.0,0.0,0.0,@CNN,2018-10-08 04:48:41,@JessieJaneDuff @kaitlancollins Oh so this makes @CNN complicit in homophobia and fatphobia,49
270,-0.2714,0.167,0.167,0.186,@CNN,2018-10-08 04:48:41,@99rupert @CNN Is that your justification for killing a 12 year old? May God have mercy on your soul! #wlking deadğŸ‘ğŸ¾,50
271,-0.4926,0.175,0.175,0.0,@CNN,2018-10-08 04:48:39,@mdornic @LogCabinGOP @CNN @kaitlancollins @CNNPR @SamFeistCNN @DavidChalian #Kavanaugh did not even do it and u condemned him!,51
272,-0.5707,0.187,0.187,0.0,@CNN,2018-10-08 04:48:38,.@CNN Are you going to let .@kaitlancollins get away with her demeaning female senators?  Criminal!   Noâ€¦ https://t.co/HSTYrv9r1N,52
273,0.1779,0.084,0.084,0.116,@CNN,2018-10-08 04:48:37,"RT @CNN: Millennials are a massive voting bloc, capable of setting policy priorities and swinging elections -- and they're grossly underrepâ€¦",53
274,-0.1027,0.104,0.104,0.0,@CNN,2018-10-08 04:48:37,ğŸš¨ #Climatechange report warns rapid changes needed by 2030 https://t.co/EUbSPnRbWT via @CNN #climate #COP24,54
275,-0.1779,0.105,0.105,0.073,@CNN,2018-10-08 04:48:34,"RT @CNN: Holding global warming to a critical limit would require ""rapid, far-reaching and unprecedented changes in all aspects of society,â€¦",55
276,0.0,0.0,0.0,0.0,@CNN,2018-10-08 04:48:31,RT @CNN: Officer who shot Tamir Rice hired by small police department in Ohio https://t.co/CQgDUTGh8p,56
277,0.296,0.136,0.136,0.229,@CNN,2018-10-08 04:48:30,@maydaymindy9 @MSNBC @CNN I watched Food Network all day.  Yesterday cleaned like a mad woman. Gonna relax before Mâ€¦ https://t.co/71bkDXtENr,57
278,0.0,0.0,0.0,0.0,@CNN,2018-10-08 04:48:30,RT @CNN: Officer who shot Tamir Rice hired by small police department in Ohio https://t.co/CQgDUTGh8p,58
279,-0.5574,0.187,0.187,0.0,@CNN,2018-10-08 04:48:29,RT @KevinBooker212: If a Fox News employee made a Racist or Homophobic comment that person would be destroyed by the left but @CNN employeeâ€¦,59
280,-0.3818,0.126,0.126,0.0,@CNN,2018-10-08 04:48:28,"RT @LogCabinGOP: Past tweets reveal @CNN reporter @kaitlancollins called people â€œfagâ€ and was uncomfortable around lesbians.

cc: @CNNPR @mâ€¦",60
281,0.3612,0.0,0.0,0.161,@CNN,2018-10-08 04:48:27,RT @THR: .@CNN reporter @KaitlanCollins apologizes for gay slurs in resurfaced tweets https://t.co/91EcXnKVzQ https://t.co/F7Rs17sgpJ,61
282,0.3802,0.0,0.0,0.12,@CNN,2018-10-08 04:48:22,RT @gregorytangelo: How can we expect fair reporting on LGBT issues from @kaitlancollins on @CNN after she tweeted this?! https://t.co/TTBfâ€¦,62
283,-0.7096,0.211,0.211,0.0,@CNN,2018-10-08 04:48:22,"RT @alley167: @CNN anytime Mika wants to hear my story, I am here.
I'm a victim of assault. I remember every ounce of breath from that day.â€¦",63
284,0.4404,0.0,0.0,0.162,@CNN,2018-10-08 04:48:21,@thenank001 @Ganulvian @dwood_bucket @Theresa19260346 @kerk20852 @CNN My 7/8 grade students know better than to speâ€¦ https://t.co/hKqoc0fu8k,64
285,-0.9245,0.458,0.458,0.055,@CNN,2018-10-08 04:48:19,"RT @Ostrov_A: Iâ€™m starting to understand the growing gross distrust of mainstream media!

Palestinian terrorist savagely ties up two Israelâ€¦",65
286,-0.5574,0.194,0.194,0.0,@CNN,2018-10-08 04:48:19,RT @CNN: More than 250 people around the world have died taking selfies since 2011 https://t.co/gtCeEcT70o,66
287,-0.3818,0.126,0.126,0.0,@CNN,2018-10-08 04:48:19,"RT @LogCabinGOP: Past tweets reveal @CNN reporter @kaitlancollins called people â€œfagâ€ and was uncomfortable around lesbians.

cc: @CNNPR @mâ€¦",67
288,-0.5574,0.277,0.277,0.0,@CNN,2018-10-08 04:48:19,"Planet has only until 2030 to stem catastrophic climate change, experts warn @CNN https://t.co/t99d6iwiQZ",68
289,-0.7236,0.21,0.21,0.0,@CNN,2018-10-08 04:48:19,"RT @Ostrov_A: Really @CNN? A â€˜workplace shootingâ€™?

A Palestinian terrorist ties up a young mother and shoots her in cold blood in #Barkan,â€¦",69
290,0.0,0.0,0.0,0.0,@CNN,2018-10-08 04:48:18,@KimHardy1976 @gregorytangelo @JackPosobiec @kaitlancollins @CNN Ahaha touchÃ© ğŸ‘ğŸ˜‚ğŸ˜‚ğŸ˜‚,70
291,0.296,0.0,0.0,0.121,@CNN,2018-10-08 04:48:18,RT @rbd1962: @mdornic @Cernovich @LogCabinGOP @CNN @kaitlancollins @CNNPR @SamFeistCNN @DavidChalian cause she shares your views today? jusâ€¦,71
292,0.1027,0.0,0.0,0.219,@CNN,2018-10-08 04:48:15,"@BobLagueuxCSN @CNN You are kidding, right?",72
293,0.0,0.0,0.0,0.0,@CNN,2018-10-08 04:48:15,RT @ChabadLubavitch: @Ostrov_A @CNN @EmmanuelNahshon @LTCPeterLerner @AvivaKlompas @StandWithUs @IdoDaniel @HonestReporting @adamlevick @ngâ€¦,73
294,0.0,0.0,0.0,0.0,@CNN,2018-10-08 04:48:15,@maydaymindy9 @MSNBC @CNN I don't watch TV but do read the NY Times on Sunday. Didn't read the giant spread on theâ€¦ https://t.co/X1cUrkfNAP,74
295,0.4404,0.0,0.0,0.153,@CNN,2018-10-08 04:48:11,RT @Axey76: @mdornic @Cernovich @LogCabinGOP @CNN @kaitlancollins @CNNPR @SamFeistCNN @DavidChalian Itâ€™s a good thing it was a college tweeâ€¦,75
296,0.0,0.0,0.0,0.0,@CNN,2018-10-08 04:48:07,@CNN by rigging,76
297,0.6988,0.0,0.0,0.308,@CNN,2018-10-08 04:48:06,"@mdornic @LogCabinGOP @CNN @kaitlancollins @CNNPR @SamFeistCNN @DavidChalian Oh well, Case Closed!! The ""Proud Gayâ€¦ https://t.co/2OkAkagqn5",77
298,0.1406,0.0,0.0,0.069,@CNN,2018-10-08 04:48:05,@CLewandowski_ She went after a well regarded Man based on zero proof of a 35 yr old allegation- but not only did tâ€¦ https://t.co/Idjv3Cdaqe,78
299,0.0,0.0,0.0,0.0,@CNN,2018-10-08 04:48:04,@LogCabinGOP @CNN @kaitlancollins @CNNPR @mdornic @SamFeistCNN @DavidChalian If you guys are going to concern yoursâ€¦ https://t.co/S6DPXQTaEC,79
300,-0.4019,0.218,0.218,0.115,@CNN,2018-10-08 04:48:04,@CNN Surprised he got that high. Trumpy is destroying everything a step at a time.,80
301,0.3802,0.0,0.0,0.12,@CNN,2018-10-08 04:48:02,RT @gregorytangelo: How can we expect fair reporting on LGBT issues from @kaitlancollins on @CNN after she tweeted this?! https://t.co/TTBfâ€¦,81
302,0.0,0.0,0.0,0.0,@CNN,2018-10-08 04:48:01,"First man on the Moon!!ğŸ’–
Neil Armstrong's private collection up for auction @CNN https://t.co/Qk4Z4fGQ52",82
303,-0.6369,0.154,0.154,0.0,@CNN,2018-10-08 04:48:01,RT @KarenMonahan01: I am willing to sit in the same TV studio as Keith Ellison and have a civil conversation regarding the abuse on live TVâ€¦,83
304,0.6597,0.0,0.0,0.252,@CNN,2018-10-08 04:47:59,@CNN This is from the same sources that gave Hillary a 95% chance of winning the election isn't it?,84
305,-0.1779,0.105,0.105,0.073,@CNN,2018-10-08 04:47:56,"RT @CNN: Holding global warming to a critical limit would require ""rapid, far-reaching and unprecedented changes in all aspects of society,â€¦",85
306,0.2732,0.086,0.086,0.129,@CNN,2018-10-08 04:47:56,RT @WI_Pool_Player: @JudicialWatch Here you go @ChrisCuomo here is MORE proof you and @CNN refuse to cover. Try some honest reporting. Notâ€¦,86
307,0.0,0.0,0.0,0.0,@CNN,2018-10-08 04:47:55,RT @ericgarland: Hey @CNN @BBCWorld @NBCNews @washingtonpost put reporters on this and either confirm it or show he's a propagandist who neâ€¦,87
308,0.0,0.0,0.0,0.0,@CNN,2018-10-08 04:47:54,RT @CNN: Officer who shot Tamir Rice hired by small police department in Ohio https://t.co/CQgDUTGh8p,88
309,0.0,0.0,0.0,0.0,@CNN,2018-10-08 04:47:53,RT @CNN: Officer who shot Tamir Rice hired by small police department in Ohio https://t.co/CQgDUTGh8p,89
310,0.0,0.0,0.0,0.0,@CNN,2018-10-08 04:47:53,RT @fanniew08: Did the American people get an answer? @CBSNews @NBCNews @ABC @SenatorCollins @JeffFlake @senjudiciary @KamalaHarris @SenFeiâ€¦,90
311,0.0,0.0,0.0,0.0,@CNN,2018-10-08 04:47:52,RT @Stephe96: @St_Louis_Ray @JackPosobiec @CNN @CNN is #HateNews as long as @kaitlancollins remains employed,91
312,-0.3818,0.148,0.148,0.0,@CNN,2018-10-08 04:47:50,RT @CNN: Tropical Storm Michael will likely slam the US as a hurricane this week https://t.co/h2IeeDR5An https://t.co/6aDzhTq0vy,92
313,0.128,0.106,0.106,0.128,@CNN,2018-10-08 04:47:48,"RT @RealDrGina: On @CNN just now a woman said she isnâ€™t welcome at a #TrumpRally. Thatâ€™s ridiculous on its face, considering @KatrinaPiersoâ€¦",93
314,0.0,0.0,0.0,0.0,@CNN,2018-10-08 04:47:48,"RT @CNN: Millennials could be one of the biggest political forces in America today, if they wanted https://t.co/qFhmYmijAK https://t.co/HKwâ€¦",94
315,0.0,0.0,0.0,0.0,@CNN,2018-10-08 04:49:28,@JUSTICE4MAGA @SenWarren @SenateGOP @realDonaldTrump @MSNBC @nbc @maddow @chrislhayes @CNN @nytimes @politico Thankâ€¦ https://t.co/NgDk6cDnoB,95
316,-0.34,0.246,0.246,0.176,@CNN,2018-10-08 04:49:27,"@CNN Shit in to one hand
Hope into the other

See which fills up first 

We're McFucked since no change will happen because of greed",96
317,-0.128,0.254,0.254,0.225,@CNN,2018-10-08 04:49:26,@LEBENFOUR @CNN How about her stepsons killing beautiful and endangered animals?,97
318,0.0482,0.12,0.12,0.13,@CNN,2018-10-08 04:49:26,Climate Change Report on @CNN not good at all. We need to do more.. Be more responsible,98
319,0.3182,0.0,0.0,0.091,@CNN,2018-10-08 04:49:26,"RT @RealTonyTucci: @kaitlancollins Hi @CNN, those of us right of center are curious how you will react to this.

Same rules apply to Kaitlaâ€¦",99
320,-0.9245,0.458,0.458,0.055,@CNN,2018-10-08 04:49:25,"RT @Ostrov_A: Iâ€™m starting to understand the growing gross distrust of mainstream media!

Palestinian terrorist savagely ties up two Israelâ€¦",100
321,-0.3818,0.126,0.126,0.0,@CNN,2018-10-08 04:49:24,"RT @LogCabinGOP: Past tweets reveal @CNN reporter @kaitlancollins called people â€œfagâ€ and was uncomfortable around lesbians.

cc: @CNNPR @mâ€¦",101
322,0.0,0.0,0.0,0.0,@CNN,2018-10-08 04:49:23,"RT @ArthurSchwartz: â€œA spokesperson for CNN did not immediately return a request for comment.â€

If a Fox News reporter tweeted this garbageâ€¦",102
323,0.0,0.0,0.0,0.0,@CNN,2018-10-08 04:49:22,@CNN Real life shredder,103
324,-0.6369,0.201,0.201,0.042,@CNN,2018-10-08 04:49:19,@CNN If she was so minded she should have abstained. She has no shame. She is basically saying that she backed thatâ€¦ https://t.co/gBH2DLHt6y,104
325,0.0,0.0,0.0,0.0,@CNN,2018-10-08 04:49:19,RT @fanniew08: Did the American people get an answer? @CBSNews @NBCNews @ABC @SenatorCollins @JeffFlake @senjudiciary @KamalaHarris @SenFeiâ€¦,105
326,0.0,0.0,0.0,0.0,@CNN,2018-10-08 04:49:18,RT @CNN: Officer who shot Tamir Rice hired by small police department in Ohio https://t.co/CQgDUTGh8p,106
327,0.0,0.0,0.0,0.0,@CNN,2018-10-08 04:49:18,RT @NaiHair: @CNN from Brazil #FraudeNasUrnasEletronicas,107
328,-0.1779,0.105,0.105,0.073,@CNN,2018-10-08 04:49:15,"RT @CNN: Holding global warming to a critical limit would require ""rapid, far-reaching and unprecedented changes in all aspects of society,â€¦",108
329,-0.2869,0.158,0.158,0.108,@CNN,2018-10-08 04:49:15,"RT @Jali_Cat: ğŸš¨ATTN @TheDemocrats ğŸš¨

ğŸ“¢@KarenMonahan01 is ready to tell her story about how @keithellison abused herâ€¼ï¸â€¼ï¸

Hello?? Anyone theâ€¦",109
330,0.1779,0.084,0.084,0.116,@CNN,2018-10-08 04:49:14,"RT @CNN: Millennials are a massive voting bloc, capable of setting policy priorities and swinging elections -- and they're grossly underrepâ€¦",110
331,-0.1779,0.459,0.459,0.0,@CNN,2018-10-08 04:49:14,@CNN Seriously. https://t.co/CX9cCN0w1p,111
332,0.4939,0.0,0.0,0.344,@CNN,2018-10-08 04:49:14,Taylor Swift endorses Democrats in Tennessee midterm races @CNN https://t.co/yWnQNmBts2,112
333,-0.3818,0.148,0.148,0.0,@CNN,2018-10-08 04:49:11,RT @CNN: Tropical Storm Michael will likely slam the US as a hurricane this week https://t.co/h2IeeDR5An https://t.co/6aDzhTq0vy,113
334,0.0,0.0,0.0,0.0,@CNN,2018-10-08 04:49:08,@Rhys604 @fanniew08 @CBSNews @NBCNews @ABC @SenatorCollins @JeffFlake @senjudiciary @KamalaHarris @SenFeinsteinâ€¦ https://t.co/SzGQM1xdcX,114
335,0.5106,0.0,0.0,0.125,@CNN,2018-10-08 04:49:07,"RT @CNN: Which world leader do people trust most? Here are findings from a new global survey by the Pew Research Center.

Angela Merkel - 5â€¦",115
336,-0.7845,0.239,0.239,0.0,@CNN,2018-10-08 04:49:07,"RT @rlpage_insp: In 2007, Al Gore predicted that in ""10 years"" there would be an earth climate catastrophe. But ignore, that and believe thâ€¦",116
337,0.0,0.0,0.0,0.0,@CNN,2018-10-08 04:49:06,"RT @maydaymindy9: Did anyone else take a break from Political News Shows @MSNBC &amp; @CNN this weekend? 
If you did do you feel alittle betterâ€¦",117
338,0.0,0.0,0.0,0.0,@CNN,2018-10-08 04:49:06,@mdornic @LogCabinGOP @CNN @kaitlancollins @CNNPR @SamFeistCNN @DavidChalian Just remember if CNN is in their bio it means hypocrite !,118
339,0.4019,0.048,0.048,0.116,@CNN,2018-10-08 04:49:04,RT @JohnWesleyShipp: â—ï¸This is a good place to leave it for today @msnbc @cnn @nytimes @washingtonpost â€œif you are in opposition to my humaâ€¦,119
340,0.34,0.085,0.085,0.14,@FoxNews,2018-10-08 04:49:30,"RT @FoxNews: .@dbongino: ""We've now seen tax cuts, a boom in the economy, two Supreme Court justicesâ€” we're only two years in."" https://t.câ€¦",1
341,-0.7667,0.249,0.249,0.0,@FoxNews,2018-10-08 04:49:29,"@FoxNews STEPHEN COLBERT RAPED ME WHEN I WAS A TWELVE YEAR OLD BOY! 
I DAAAAAAAARE HIM TO DISPROOF DISPROOF DISPROOâ€¦ https://t.co/g6gHcMNm6e",2
342,0.4215,0.0,0.0,0.359,@FoxNews,2018-10-08 04:49:28,@Frank12103731 @judybeans1 @FoxNews Making any progress,3
343,0.0,0.0,0.0,0.0,@FoxNews,2018-10-08 04:49:27,@FoxNews Deer for Hunters,4
344,-0.8402,0.333,0.333,0.0,@FoxNews,2018-10-08 04:49:26,"RT @FoxNews: .@benshapiro: ""The Democrats should be ashamed of themselves, but since they have no shame, none will be forthcoming."" https:/â€¦",5
345,0.0,0.0,0.0,0.0,@FoxNews,2018-10-08 04:49:23,RT @FoxNews: 'Women for Trump' hosts America First summit https://t.co/xYFDUVl2To,6
346,0.0,0.0,0.0,0.0,@FoxNews,2018-10-08 04:49:22,@FoxNews @RepMattGaetz Gonna need more popcorn.,7
347,0.0,0.0,0.0,0.0,@FoxNews,2018-10-08 04:49:22,"RT @FoxNews: Kanye West deletes Twitter, Instagram accounts -- again https://t.co/unz8KEKcug",8
348,-0.1098,0.088,0.088,0.074,@FoxNews,2018-10-08 04:49:21,@FoxNews Why is it ok for him to tell Kanye to stay in music and we dont care about his options. But we let ever acâ€¦ https://t.co/toBaZlIOmp,9
349,-0.2006,0.178,0.178,0.147,@FoxNews,2018-10-08 04:49:21,RT @FoxNews: .@LindseyGrahamSC says he's 'happy as a clam' after Kavanaugh hearings made him 'more pissed' than ever before https://t.co/Zyâ€¦,10
350,0.34,0.085,0.085,0.14,@FoxNews,2018-10-08 04:49:20,"RT @FoxNews: .@dbongino: ""We've now seen tax cuts, a boom in the economy, two Supreme Court justicesâ€” we're only two years in."" https://t.câ€¦",11
351,-0.4767,0.256,0.256,0.0,@FoxNews,2018-10-08 04:49:19,@Frank12103731 @judybeans1 @FoxNews How's the whole colbert advertiser attack going?,12
352,0.9081,0.0,0.0,0.488,@FoxNews,2018-10-08 04:49:19,RT @FoxNews: .@ufc fighter Nik Lentz congratulates 'homie' Supreme Court Justice Brett Kavanaugh after match win https://t.co/31iyVuZpcR,13
353,0.0,0.0,0.0,0.0,@FoxNews,2018-10-08 04:49:18,@FoxNews SNL snoring,14
354,-0.0258,0.109,0.109,0.0,@FoxNews,2018-10-08 04:49:17,RT @TimFaulkner_81: @thomaskaine5 That's what happens when people freebase @foxnews.,15
355,0.9081,0.0,0.0,0.488,@FoxNews,2018-10-08 04:49:16,RT @FoxNews: .@ufc fighter Nik Lentz congratulates 'homie' Supreme Court Justice Brett Kavanaugh after match win https://t.co/31iyVuZpcR,16
356,0.09,0.176,0.176,0.147,@FoxNews,2018-10-08 04:49:16,@Snake_Oil_Free @FoxNews @ufc Yea a russian Muslim loses it and assaults someone at a professional sporting event but white privilege,17
357,0.34,0.085,0.085,0.14,@FoxNews,2018-10-08 04:49:14,"RT @FoxNews: .@dbongino: ""We've now seen tax cuts, a boom in the economy, two Supreme Court justicesâ€” we're only two years in."" https://t.câ€¦",18
358,0.34,0.085,0.085,0.14,@FoxNews,2018-10-08 04:49:13,"RT @FoxNews: .@dbongino: ""We've now seen tax cuts, a boom in the economy, two Supreme Court justicesâ€” we're only two years in."" https://t.câ€¦",19
359,-0.5388,0.33,0.33,0.172,@FoxNews,2018-10-08 04:49:13,@FoxNews Change that Channel! No more football. LOL WTF does NIKE own the NFL?,20
360,0.7772,0.0,0.0,0.285,@FoxNews,2018-10-08 04:49:12,"RT @NextRevFNC: Thatâ€™s a wrap! Thank you to our wonderful panel @LisaMarieBoothe, @charliekirk11 and @HeyTammyBruce! Tune in next Sunday niâ€¦",21
361,0.0,0.0,0.0,0.0,@FoxNews,2018-10-08 04:49:11,RT @FoxNews: 'Women for Trump' hosts America First summit https://t.co/xYFDUVl2To,22
362,0.0,0.0,0.0,0.0,@FoxNews,2018-10-08 04:49:11,RT @FoxNews: 'Women for Trump' hosts America First summit https://t.co/xYFDUVl2To,23
363,-0.6124,0.357,0.357,0.0,@FoxNews,2018-10-08 04:49:10,"RT @FoxNews: New York limousine crash victims included newlyweds, brothers. https://t.co/XjrZrbM1Dr",24
364,-0.7717,0.295,0.295,0.0,@FoxNews,2018-10-08 04:49:09,RT @TomFitton: BREAKING: GOP Senators Receive Death Threats on Their PERSONAL CELL PHONES Following Kavanaugh Confirmation @FoxNews https:/â€¦,25
365,0.0,0.0,0.0,0.0,@FoxNews,2018-10-08 04:49:09,RT @shelly49991143: @CDRSTOUT123 @FoxNews https://t.co/tNzgb2rJ2n,26
366,0.34,0.085,0.085,0.14,@FoxNews,2018-10-08 04:49:08,"RT @FoxNews: .@dbongino: ""We've now seen tax cuts, a boom in the economy, two Supreme Court justicesâ€” we're only two years in."" https://t.câ€¦",27
367,0.0,0.0,0.0,0.0,@FoxNews,2018-10-08 04:49:07,RT @FoxNews: 'Women for Trump' hosts America First summit https://t.co/xYFDUVl2To,28
368,0.0,0.0,0.0,0.0,@FoxNews,2018-10-08 04:49:06,"RT @FoxNews: Sen. @LindseyGrahamSC on Kavanaugh's confirmation and the midterms: ""This is going to the streets at the ballot box."" #FNS httâ€¦",29
369,0.0,0.0,0.0,0.0,@FoxNews,2018-10-08 04:49:06,RT @FoxNews: 'Women for Trump' hosts America First summit https://t.co/xYFDUVl2To,30
370,-0.8402,0.333,0.333,0.0,@FoxNews,2018-10-08 04:49:04,"RT @FoxNews: .@benshapiro: ""The Democrats should be ashamed of themselves, but since they have no shame, none will be forthcoming."" https:/â€¦",31
371,-0.0258,0.154,0.154,0.149,@FoxNews,2018-10-08 04:49:04,RT @FoxNews: Stephen Colbert 'Late Show' writer: 'I'm just glad we ruined Brett Kavanaugh's life' https://t.co/e4zqPdQrBu,32
372,0.0,0.0,0.0,0.0,@FoxNews,2018-10-08 04:49:03,RT @FoxNews: 'Women for Trump' hosts America First summit https://t.co/xYFDUVl2To,33
373,0.0,0.0,0.0,0.0,@FoxNews,2018-10-08 04:49:03,RT @CDRSTOUT123: @FoxNews Red Wave here we come. #MAGA #BuildTheWall,34
374,-0.7787,0.281,0.281,0.0,@FoxNews,2018-10-08 04:49:03,"RT @letters4trump45: Are you dissatisfied with the coverage of @FLOTUS trip to Africa?
Almost no coverage at all.
It's an outrage and disreâ€¦",35
375,0.1531,0.164,0.164,0.211,@FoxNews,2018-10-08 04:49:01,@maxmoody161 @FoxNews @susanferrechio Yes it does. He's kept a low profile.,36
376,-0.7351,0.284,0.284,0.076,@FoxNews,2018-10-08 04:49:01,RT @SCBCNews: Failed elections in  #SouthernCameroons #Ambazonians as #Biya2018 tries to fraud his way again with already prepared envelopsâ€¦,37
377,0.8922,0.0,0.0,0.316,@FoxNews,2018-10-08 04:49:00,"RT @UROCKlive1: It's nothing personal, but if you believe Donald Trump is a good person who tells the truth and wants to do good for the coâ€¦",38
378,0.0,0.0,0.0,0.0,@FoxNews,2018-10-08 04:49:00,RT @FoxNews: â€œHit that beat!â€ A police officer from the Hammond Police Department showed off his dance moves for children at a local schoolâ€¦,39
379,0.0,0.0,0.0,0.0,@FoxNews,2018-10-08 04:48:59,RT @FoxNews: 'Women for Trump' hosts America First summit https://t.co/xYFDUVl2To,40
380,-0.8402,0.333,0.333,0.0,@FoxNews,2018-10-08 04:48:59,"RT @FoxNews: .@benshapiro: ""The Democrats should be ashamed of themselves, but since they have no shame, none will be forthcoming."" https:/â€¦",41
381,0.6249,0.0,0.0,0.577,@FoxNews,2018-10-08 04:48:59,@FoxNews Women are awesome. ğŸ˜Š,42
382,0.0,0.0,0.0,0.0,@FoxNews,2018-10-08 04:48:55,RT @FoxNews: 'Women for Trump' hosts America First summit https://t.co/xYFDUVl2To,43
383,0.0,0.0,0.0,0.0,@FoxNews,2018-10-08 04:48:55,RT @FoxNews: 'Women for Trump' hosts America First summit https://t.co/xYFDUVl2To,44
384,0.9442,0.0,0.0,0.47,@FoxNews,2018-10-08 04:48:55,"RT @GovMikeHuckabee: Great cookbook ""The Happy Cookbook"" by my @FoxNews friend @SteveDoocy and wife Kathy just out. Some great recipes.  Maâ€¦",45
385,0.0,0.0,0.0,0.0,@FoxNews,2018-10-08 04:48:52,RT @FoxNews: 'Women for Trump' hosts America First summit https://t.co/xYFDUVl2To,46
386,0.0,0.0,0.0,0.0,@FoxNews,2018-10-08 04:48:52,RT @FoxNews: 'Women for Trump' hosts America First summit https://t.co/xYFDUVl2To,47
387,0.4404,0.0,0.0,0.139,@FoxNews,2018-10-08 04:48:52,"RT @LisaMarieBoothe: Joining @ainsleyearhardt, @kilmeade &amp; @edhenry tomorrow morning on @foxandfriends at 6:15 AM ET on @FoxNews. Hope youâ€¦",48
388,0.9081,0.0,0.0,0.488,@FoxNews,2018-10-08 04:48:49,RT @FoxNews: .@ufc fighter Nik Lentz congratulates 'homie' Supreme Court Justice Brett Kavanaugh after match win https://t.co/31iyVuZpcR,49
389,0.0,0.0,0.0,0.0,@FoxNews,2018-10-08 04:48:48,RT @SmithFriar: @LindseyGrahamSC meme is going viral @PeterCozy @foxandfriends @FoxNews https://t.co/Z80SQUQ0am,50
390,-0.8402,0.333,0.333,0.0,@FoxNews,2018-10-08 04:48:47,"RT @FoxNews: .@benshapiro: ""The Democrats should be ashamed of themselves, but since they have no shame, none will be forthcoming."" https:/â€¦",51
391,0.0,0.0,0.0,0.0,@FoxNews,2018-10-08 04:48:47,RT @FoxNews: 'Women for Trump' hosts America First summit https://t.co/xYFDUVl2To,52
392,-0.8402,0.333,0.333,0.0,@FoxNews,2018-10-08 04:48:46,"RT @FoxNews: .@benshapiro: ""The Democrats should be ashamed of themselves, but since they have no shame, none will be forthcoming."" https:/â€¦",53
393,0.0,0.0,0.0,0.0,@FoxNews,2018-10-08 04:48:46,@Gitmoite @FoxNews @ChuckGrassley Huh?,54
394,-0.7717,0.295,0.295,0.0,@FoxNews,2018-10-08 04:48:45,RT @TomFitton: BREAKING: GOP Senators Receive Death Threats on Their PERSONAL CELL PHONES Following Kavanaugh Confirmation @FoxNews https:/â€¦,55
395,-0.2006,0.178,0.178,0.147,@FoxNews,2018-10-08 04:48:45,RT @FoxNews: .@LindseyGrahamSC says he's 'happy as a clam' after Kavanaugh hearings made him 'more pissed' than ever before https://t.co/Zyâ€¦,56
396,0.7906,0.0,0.0,0.28,@FoxNews,2018-10-08 04:48:44,"RT @FoxNews: .@POTUS: ""[Kavanaugh] will sit proudly alongside Justice Neil Gorsuch...To uphold your sacred rights and to defend your God-giâ€¦",57
397,0.0,0.0,0.0,0.0,@FoxNews,2018-10-08 04:48:44,"@UrsineLeonard @FoxNews @ufc Boofing, get it right! #ILikeBeers",58
398,0.0,0.0,0.0,0.0,@FoxNews,2018-10-08 04:48:43,"RT @FoxNews: President @realDonaldTrump holds a rally in Topeka, Kansas. https://t.co/gaNV8vco6r https://t.co/FnNtOnFopB",59
399,0.5267,0.082,0.082,0.204,@FoxNews,2018-10-08 04:48:40,"RT @TonyPapaDC4L: @FoxNews They should fine him half his salary, and give it to a military family that lost a loved one. Why should athleteâ€¦",60
400,-0.2006,0.178,0.178,0.147,@FoxNews,2018-10-08 04:48:39,RT @FoxNews: .@LindseyGrahamSC says he's 'happy as a clam' after Kavanaugh hearings made him 'more pissed' than ever before https://t.co/Zyâ€¦,61
401,-0.4086,0.133,0.133,0.071,@FoxNews,2018-10-08 04:48:39,@FoxNews more women need to get involved! so many I know are Trump supporters but are afraid to speak out due to the crazy left!,62
402,0.9045,0.0,0.0,0.379,@FoxNews,2018-10-08 04:48:37,"RT @ShantiZulu: @FoxNews The fact being, they didn't ruin his live. In fact he has gained so much. Popularity, fame that many in Hollywoodâ€¦",63
403,0.0,0.0,0.0,0.0,@FoxNews,2018-10-08 04:48:37,RT @FoxNews: 'Women for Trump' hosts America First summit https://t.co/xYFDUVl2To,64
404,0.0,0.0,0.0,0.0,@FoxNews,2018-10-08 04:48:36,#FraudeNasUrnasEletronicas https://t.co/voYaT0hmgf URGENTE - COMPROVADO FRAUDE NAS URNAS - VAMOS PARAR O BRASILâ€¦ https://t.co/28ChN9FBp4,65
405,0.34,0.085,0.085,0.14,@FoxNews,2018-10-08 04:48:36,"RT @FoxNews: .@dbongino: ""We've now seen tax cuts, a boom in the economy, two Supreme Court justicesâ€” we're only two years in."" https://t.câ€¦",66
406,0.0,0.0,0.0,0.0,@FoxNews,2018-10-08 04:48:35,@FoxNews Who gives a flip what holder thinks,67
407,0.0,0.0,0.0,0.0,@FoxNews,2018-10-08 04:48:35,RT @FoxNews: 'Women for Trump' hosts America First summit https://t.co/xYFDUVl2To,68
408,-0.1511,0.216,0.216,0.191,@FoxNews,2018-10-08 04:48:34,"@Frank12103731 @judybeans1 @FoxNews I'm not arguing. We're friends and friends don't argue mr 12103731, or as i likâ€¦ https://t.co/P6OWAUAW6T",69
409,0.4404,0.0,0.0,0.132,@FoxNews,2018-10-08 04:48:34,@katiemoellering @FoxNews @dbongino This shows us how easy it is to get people to believe something that isn't realâ€¦ https://t.co/Dr21IQJep0,70
410,0.0,0.0,0.0,0.0,@FoxNews,2018-10-08 04:48:31,RT @Gryphon1999: @FoxNews https://t.co/CMvcrguDaR,71
411,0.34,0.085,0.085,0.14,@FoxNews,2018-10-08 04:48:30,"RT @FoxNews: .@dbongino: ""We've now seen tax cuts, a boom in the economy, two Supreme Court justicesâ€” we're only two years in."" https://t.câ€¦",72
412,0.0,0.0,0.0,0.0,@FoxNews,2018-10-08 04:48:29,RT @FoxNews: 'Women for Trump' hosts America First summit https://t.co/xYFDUVl2To,73
413,0.0,0.0,0.0,0.0,@FoxNews,2018-10-08 04:48:29,"RT @FoxNews: .@POTUS on Kavanaugh's confirmation: ""I stand before you today on the heels of a tremendous victory for our nation, our peopleâ€¦",74
414,0.0,0.0,0.0,0.0,@FoxNews,2018-10-08 04:48:29,RT @FoxNews: 'Women for Trump' hosts America First summit https://t.co/xYFDUVl2To,75
415,0.0,0.0,0.0,0.0,@FoxNews,2018-10-08 04:48:29,@FoxNews @CindiPuncerelli That must habr cost DNC and Clinton Foundation millions.,76
416,0.4291,0.0,0.0,0.119,@FoxNews,2018-10-08 04:48:28,@FoxNews Where is the voice of reason? Where is civility? Where those who calm and do not incite division? Where thâ€¦ https://t.co/v6uzNXK3Hp,77
417,0.0,0.0,0.0,0.0,@FoxNews,2018-10-08 04:48:28,@jaeu2 @CharlieinBC @FoxNews @benshapiro How's Russia?,78
418,-0.2481,0.198,0.198,0.139,@FoxNews,2018-10-08 04:48:28,@FoxNews @SenCoryGardner This is awful! #voteblue &amp; @dnc please #StopTheHate #LoveOneAnother #wemustunite #walkaway,79
419,0.0,0.0,0.0,0.0,@FoxNews,2018-10-08 04:48:28,"RT @FoxNews: .@RepMattGaetz on James Comey's tweet: ""I would remind Director Comey - I don't know that too many schools or streets are goinâ€¦",80
420,-0.4576,0.333,0.333,0.0,@FoxNews,2018-10-08 04:48:27,@MichaelT_45 @letters4trump45 @FoxNews @LelandVittert Heâ€™s very annoying,81
421,0.7789,0.0,0.0,0.312,@FoxNews,2018-10-08 04:48:27,"@CherGuevera @FoxNews @LindseyGrahamSC And, in this case, Kavanaugh did not rape, assault &amp; sexually harrass. I agrâ€¦ https://t.co/brIbiLoiTv",82
422,-0.8402,0.333,0.333,0.0,@FoxNews,2018-10-08 04:48:25,"RT @FoxNews: .@benshapiro: ""The Democrats should be ashamed of themselves, but since they have no shame, none will be forthcoming."" https:/â€¦",83
423,0.34,0.085,0.085,0.14,@FoxNews,2018-10-08 04:48:25,"RT @FoxNews: .@dbongino: ""We've now seen tax cuts, a boom in the economy, two Supreme Court justicesâ€” we're only two years in."" https://t.câ€¦",84
424,0.0,0.0,0.0,0.0,@FoxNews,2018-10-08 04:48:24,@FoxNews @ufc Refreshing ğŸ‡ºğŸ‡¸,85
425,0.0258,0.113,0.113,0.118,@FoxNews,2018-10-08 04:48:23,@djbluewave @PegFunkArnold @MDVancleave @abesauer @KTTCNews @KTTCTV @FoxNews There is no truth in what you said. Fiâ€¦ https://t.co/JTSV89bfM3,86
426,-0.34,0.103,0.103,0.0,@FoxNews,2018-10-08 04:48:22,"@salcorrente @DonCullen2 @KristySwansonXO @FoxNews she isn't part of the herd, and it drives them crazy that she dares to think or herself",87
427,0.0,0.0,0.0,0.0,@FoxNews,2018-10-08 04:48:22,"RT @FoxNews: .@SteveHiltonx: After the Kavanaugh confirmation, look for the next Democratic president to â€˜Pack the Courtâ€™ (via @FoxNewsOpinâ€¦",88
428,-0.0258,0.154,0.154,0.149,@FoxNews,2018-10-08 04:48:21,RT @FoxNews: Stephen Colbert 'Late Show' writer: 'I'm just glad we ruined Brett Kavanaugh's life' https://t.co/e4zqPdQrBu,89
429,-0.296,0.145,0.145,0.0,@FoxNews,2018-10-08 04:48:21,RT @FoxNews: Sen. @maziehirono: @SenatorCollins' doubts of Kavanaugh accuser Fordâ€™s claims are â€˜insultingâ€™ https://t.co/QizwAE3sed,90
430,0.0,0.0,0.0,0.0,@FoxNews,2018-10-08 04:48:21,RT @FoxNews: Tropical Storm Michael makes its way towards the U.S. Gulf Coast where it's expected to become a massive Category 2 hurricane.â€¦,91
431,0.0,0.0,0.0,0.0,@FoxNews,2018-10-08 04:48:20,@foxandfriends @FoxNews https://t.co/t53ueGHSIj,92
432,0.2023,0.097,0.097,0.138,@FoxNews,2018-10-08 04:48:18,"RT @FoxNews: Some anti-Kavanaugh protesters were paid to help make 'viral moments,' Vice News editor says. https://t.co/2JkIyz0bbo",93
433,0.9081,0.0,0.0,0.488,@FoxNews,2018-10-08 04:48:17,RT @FoxNews: .@ufc fighter Nik Lentz congratulates 'homie' Supreme Court Justice Brett Kavanaugh after match win https://t.co/31iyVuZpcR,94
434,0.0,0.0,0.0,0.0,@FoxNews,2018-10-08 04:48:16,@FoxNews Faux News.,95
435,-0.4588,0.167,0.167,0.0,@FoxNews,2018-10-08 04:48:15,"@FoxNews @IDAddictUSA This is awful. Prayers for all of the officers, their families and their peers.",96
436,0.0,0.0,0.0,0.0,@FoxNews,2018-10-08 04:48:15,RT @FoxNews: Alligator snapped in unexpected position outside Louisiana home. https://t.co/sjym20LGaR,97
437,0.0,0.0,0.0,0.0,@FoxNews,2018-10-08 04:48:13,RT @FoxNews: Kavanaugh confirmation sparks sharp reaction from celebrities https://t.co/nMwaEOeSSg,98
438,0.0,0.0,0.0,0.0,@FoxNews,2018-10-08 04:48:12,RT @FoxNews: 'Women for Trump' hosts America First summit https://t.co/xYFDUVl2To,99
439,0.4588,0.114,0.114,0.236,@FoxNews,2018-10-08 04:48:12,"RT @FoxNewsInsider: TONIGHT: @JoeConchaTV &amp; @MZHemingway Discuss 'Media Smears' of 'Guilty Until Innocent' Kavanaugh on ""Life, Liberty &amp; @mâ€¦",100
440,0.0,0.0,0.0,0.0,@nytimes,2018-10-08 04:49:31,"RT @nytimes: Since she moved to Washington, the capital has been transfixed by the distance Melania Trump appears to put between herself anâ€¦",1
441,0.0,0.114,0.114,0.154,@nytimes,2018-10-08 04:49:30,"RT @nytimes: Taylor Swift, who has previously been â€œreluctantâ€ to publicly voice her political opinions, broke her silence and endorsed twoâ€¦",2
442,-0.5267,0.173,0.173,0.0,@nytimes,2018-10-08 04:49:29,"RT @miguelbtrevino: 91 cientÃ­ficos de 40 paÃ­ses analizando mÃ¡s de 6,000 estudios cientÃ­ficos.

Ya si no hacemos caso es que no tenemos remeâ€¦",3
443,-0.4404,0.139,0.139,0.0,@nytimes,2018-10-08 04:49:28,"RT @jmillhouse: @nytimes This is the biggest scandal regarding a sitting president we may ever encounter. The ""self-made billionaire"" persoâ€¦",4
444,-0.4404,0.288,0.288,0.153,@nytimes,2018-10-08 04:49:28,RT @nytimes: Major Climate Report Describes a Strong Risk of Crisis as Early as 2040 https://t.co/ofc2Ds2Iyu,5
445,0.0,0.0,0.0,0.0,@nytimes,2018-10-08 04:49:28,@JUSTICE4MAGA @SenWarren @SenateGOP @realDonaldTrump @MSNBC @nbc @maddow @chrislhayes @CNN @nytimes @politico Thankâ€¦ https://t.co/NgDk6cDnoB,6
446,0.0,0.0,0.0,0.0,@nytimes,2018-10-08 04:49:27,@SaintFrankly @CraigKellyMP @nytimes stick it on the opera house for him.,7
447,0.0,0.0,0.0,0.0,@nytimes,2018-10-08 04:49:26,RT @nytimes: Live Review: K-Pop Superstars BTS Lit Up Citi Fieldâ€™s Stage. Their Fans Did the Rest. https://t.co/Sbcajl5tXm,8
448,0.0,0.0,0.0,0.0,@nytimes,2018-10-08 04:49:26,RT @nytimes: Live Review: K-Pop Superstars BTS Lit Up Citi Fieldâ€™s Stage. Their Fans Did the Rest. https://t.co/Sbcajl5tXm,9
449,-0.9245,0.458,0.458,0.055,@nytimes,2018-10-08 04:49:25,"RT @Ostrov_A: Iâ€™m starting to understand the growing gross distrust of mainstream media!

Palestinian terrorist savagely ties up two Israelâ€¦",10
450,0.0,0.0,0.0,0.0,@nytimes,2018-10-08 04:49:24,RT @jenbthomas: @nytimes @rolandsmartin @tvonetv @Essence @EBONYMag @staceyabrams @AndrewGillum @OfficialCBC @TheDemocrats https://t.co/xd5â€¦,11
451,0.0,0.0,0.0,0.0,@nytimes,2018-10-08 04:49:23,RT @nytimes: Live Review: K-Pop Superstars BTS Lit Up Citi Fieldâ€™s Stage. Their Fans Did the Rest. https://t.co/Sbcajl5tXm,12
452,0.0,0.0,0.0,0.0,@nytimes,2018-10-08 04:49:23,RT @nytimes: President Trump has sold himself as a self-made billionaire but our investigation found that he received more than $400 millioâ€¦,13
453,0.0,0.0,0.0,0.0,@nytimes,2018-10-08 04:49:21,RT @nytimes: Live Review: K-Pop Superstars BTS Lit Up Citi Fieldâ€™s Stage. Their Fans Did the Rest. https://t.co/Sbcajl5tXm,14
454,0.0,0.0,0.0,0.0,@nytimes,2018-10-08 04:49:20,RT @nytimes: Live Review: K-Pop Superstars BTS Lit Up Citi Fieldâ€™s Stage. Their Fans Did the Rest. https://t.co/Sbcajl5tXm,15
455,0.0,0.0,0.0,0.0,@nytimes,2018-10-08 04:49:20,RT @nytimes: Live Review: K-Pop Superstars BTS Lit Up Citi Fieldâ€™s Stage. Their Fans Did the Rest. https://t.co/Sbcajl5tXm,16
456,0.0,0.0,0.0,0.0,@nytimes,2018-10-08 04:49:20,"RT @nytimes: Since she moved to Washington, the capital has been transfixed by the distance Melania Trump appears to put between herself anâ€¦",17
457,-0.3818,0.195,0.195,0.113,@nytimes,2018-10-08 04:49:20,RT @davereaboi: We used to laugh at this shit when it was confined to the lunatics at â¦@Salonâ©. Now itâ€™s standard fare at the â¦@nytimesâ©.â€¦,18
458,0.0,0.0,0.0,0.0,@nytimes,2018-10-08 04:49:20,RT @nytimes: Live Review: K-Pop Superstars BTS Lit Up Citi Fieldâ€™s Stage. Their Fans Did the Rest. https://t.co/Sbcajl5tXm,19
459,0.0,0.0,0.0,0.0,@nytimes,2018-10-08 04:49:18,RT @nytimes: Live Review: K-Pop Superstars BTS Lit Up Citi Fieldâ€™s Stage. Their Fans Did the Rest. https://t.co/Sbcajl5tXm,20
460,0.0,0.0,0.0,0.0,@nytimes,2018-10-08 04:49:18,RT @nytimes: Live Review: K-Pop Superstars BTS Lit Up Citi Fieldâ€™s Stage. Their Fans Did the Rest. https://t.co/Sbcajl5tXm,21
461,0.0,0.0,0.0,0.0,@nytimes,2018-10-08 04:49:18,RT @nytimes: Live Review: K-Pop Superstars BTS Lit Up Citi Fieldâ€™s Stage. Their Fans Did the Rest. https://t.co/Sbcajl5tXm,22
462,0.0,0.0,0.0,0.0,@nytimes,2018-10-08 04:49:17,RT @nytimes: Live Review: K-Pop Superstars BTS Lit Up Citi Fieldâ€™s Stage. Their Fans Did the Rest. https://t.co/Sbcajl5tXm,23
463,-0.4939,0.167,0.167,0.0,@nytimes,2018-10-08 04:49:16,"RT @charliekirk11: The left is obsessed with race
The @nytimes should be embarrassed to run a piece that uses the term â€œwhitenessâ€

This isâ€¦",24
464,0.0,0.0,0.0,0.0,@nytimes,2018-10-08 04:49:15,RT @nytimes: Live Review: K-Pop Superstars BTS Lit Up Citi Fieldâ€™s Stage. Their Fans Did the Rest. https://t.co/Sbcajl5tXm,25
465,-0.3612,0.106,0.106,0.0,@nytimes,2018-10-08 04:49:15,RT @nytimes: On newsstands today: The New York Times investigation that shows how Donald Trump participated in dubious tax schemes during tâ€¦,26
466,0.0,0.0,0.0,0.0,@nytimes,2018-10-08 04:49:14,RT @nytimes: Live Review: K-Pop Superstars BTS Lit Up Citi Fieldâ€™s Stage. Their Fans Did the Rest. https://t.co/Sbcajl5tXm,27
467,0.0,0.0,0.0,0.0,@nytimes,2018-10-08 04:49:14,RT @nytimes: Live Review: K-Pop Superstars BTS Lit Up Citi Fieldâ€™s Stage. Their Fans Did the Rest. https://t.co/Sbcajl5tXm,28
468,0.0,0.0,0.0,0.0,@nytimes,2018-10-08 04:49:12,RT @nytimes: Live Review: K-Pop Superstars BTS Lit Up Citi Fieldâ€™s Stage. Their Fans Did the Rest. https://t.co/Sbcajl5tXm,29
469,0.4939,0.089,0.089,0.252,@nytimes,2018-10-08 04:49:11,"RT @nytimes: Speaking at a Democratic Party gala in Iowa hours after his party lost a vote to prevent Brett Kavanaugh's confirmation, Coryâ€¦",30
470,0.0,0.0,0.0,0.0,@nytimes,2018-10-08 04:49:09,RT @nytimes: Live Review: K-Pop Superstars BTS Lit Up Citi Fieldâ€™s Stage. Their Fans Did the Rest. https://t.co/Sbcajl5tXm,31
471,0.2708,0.065,0.065,0.14,@nytimes,2018-10-08 04:49:09,"RT @nytimes: Shows of severe devotion are the norm in K-pop, but even in that universe, the fervor generated by BTS is unusually intense htâ€¦",32
472,0.0,0.0,0.0,0.0,@nytimes,2018-10-08 04:49:09,@nytimes White Nationalism.,33
473,0.0,0.0,0.0,0.0,@nytimes,2018-10-08 04:49:08,RT @nytimes: Live Review: K-Pop Superstars BTS Lit Up Citi Fieldâ€™s Stage. Their Fans Did the Rest. https://t.co/Sbcajl5tXm,34
474,0.0,0.0,0.0,0.0,@nytimes,2018-10-08 04:49:07,RT @nytimes: Live Review: K-Pop Superstars BTS Lit Up Citi Fieldâ€™s Stage. Their Fans Did the Rest. https://t.co/Sbcajl5tXm,35
475,0.0,0.0,0.0,0.0,@nytimes,2018-10-08 04:49:07,"RT @nytimes: Since she moved to Washington, the capital has been transfixed by the distance Melania Trump appears to put between herself anâ€¦",36
476,0.0,0.0,0.0,0.0,@nytimes,2018-10-08 04:49:06,@Dopioids1 @DEAHQ @washingtonpost @nytimes @NewYorker @WSJ I've always wanted the DEA to listen to more music. Thenâ€¦ https://t.co/XIv9k8SmUt,37
477,0.0,0.114,0.114,0.154,@nytimes,2018-10-08 04:49:06,"RT @nytimes: Taylor Swift, who has previously been â€œreluctantâ€ to publicly voice her political opinions, broke her silence and endorsed twoâ€¦",38
478,0.0,0.0,0.0,0.0,@nytimes,2018-10-08 04:49:05,@mikebubulj @nytimes 87 million millennials,39
479,0.4019,0.048,0.048,0.116,@nytimes,2018-10-08 04:49:04,RT @JohnWesleyShipp: â—ï¸This is a good place to leave it for today @msnbc @cnn @nytimes @washingtonpost â€œif you are in opposition to my humaâ€¦,40
480,0.0,0.0,0.0,0.0,@nytimes,2018-10-08 04:49:04,RT @nytimes: President Trump has sold himself as a self-made billionaire but our investigation found that he received more than $400 millioâ€¦,41
481,0.0,0.0,0.0,0.0,@nytimes,2018-10-08 04:49:04,RT @nytimes: Live Review: K-Pop Superstars BTS Lit Up Citi Fieldâ€™s Stage. Their Fans Did the Rest. https://t.co/Sbcajl5tXm,42
482,0.0,0.0,0.0,0.0,@nytimes,2018-10-08 04:49:03,RT @nytimes: A small army of African-American women across the South is using networks originally forged in segregation to muster turnout fâ€¦,43
483,0.8479,0.0,0.0,0.396,@nytimes,2018-10-08 04:49:02,"RT @Invisistill: @nytimes @ForeverFallin I love my bulb... totally worth the money lol ğŸ’œ
@BTS_twt #PCAs #IDOL #BTS #TheMusicVideo",44
484,0.2263,0.0,0.0,0.119,@nytimes,2018-10-08 04:49:01,RT @nytimes: Here's a list of early voting dates for the states that allow it https://t.co/SNqAUsnLNe,45
485,0.0,0.0,0.0,0.0,@nytimes,2018-10-08 04:49:01,RT @nytimes: President Trump has sold himself as a self-made billionaire but our investigation found that he received more than $400 millioâ€¦,46
486,0.0,0.0,0.0,0.0,@nytimes,2018-10-08 04:49:01,"RT @nytimes: Since she moved to Washington, the capital has been transfixed by the distance Melania Trump appears to put between herself anâ€¦",47
487,0.4404,0.0,0.0,0.326,@nytimes,2018-10-08 04:49:00,@nytimes She speaks English better than him?,48
488,0.0,0.0,0.0,0.0,@nytimes,2018-10-08 04:49:00,RT @nytimes: Live Review: K-Pop Superstars BTS Lit Up Citi Fieldâ€™s Stage. Their Fans Did the Rest. https://t.co/Sbcajl5tXm,49
489,0.0,0.0,0.0,0.0,@nytimes,2018-10-08 04:48:59,"@nytimes If @FLOTUS really wanted to be recognized not by fashion but cause, I suggest she study Anjolina. Blend in. https://t.co/j05WiYp4bI",50
490,0.0,0.0,0.0,0.0,@nytimes,2018-10-08 04:48:58,RT @nytimes: Live Review: K-Pop Superstars BTS Lit Up Citi Fieldâ€™s Stage. Their Fans Did the Rest. https://t.co/Sbcajl5tXm,51
491,0.0,0.0,0.0,0.0,@nytimes,2018-10-08 04:48:58,RT @nytimes: Live Review: K-Pop Superstars BTS Lit Up Citi Fieldâ€™s Stage. Their Fans Did the Rest. https://t.co/Sbcajl5tXm,52
492,0.4019,0.0,0.0,0.197,@nytimes,2018-10-08 04:48:58,"RT @nytimes: Populist Wave Hits Latvia, Lifting Pro-Russia Party in Election https://t.co/vGITO0S5m2",53
493,0.5106,0.0,0.0,0.292,@nytimes,2018-10-08 04:48:56,@nytimes Getting the free rides out of the way ğŸ˜‚,54
494,0.0,0.0,0.0,0.0,@nytimes,2018-10-08 04:48:54,RT @nytimes: Live Review: K-Pop Superstars BTS Lit Up Citi Fieldâ€™s Stage. Their Fans Did the Rest. https://t.co/Sbcajl5tXm,55
495,0.0,0.114,0.114,0.154,@nytimes,2018-10-08 04:48:53,"RT @nytimes: Taylor Swift, who has previously been â€œreluctantâ€ to publicly voice her political opinions, broke her silence and endorsed twoâ€¦",56
496,0.0,0.0,0.0,0.0,@nytimes,2018-10-08 04:48:53,@dustinpg11 @JAllen_BR @nytimes She doesn't cRe about fox trash,57
497,0.0,0.0,0.0,0.0,@nytimes,2018-10-08 04:48:53,RT @nytimes: President Trump has sold himself as a self-made billionaire but our investigation found that he received more than $400 millioâ€¦,58
498,-0.5216,0.325,0.325,0.0,@nytimes,2018-10-08 04:48:52,@nytimes They haven't made love since September 2014.,59
499,-0.7003,0.216,0.216,0.0,@nytimes,2018-10-08 04:48:52,"RT @nstr30: 10000 fascists singing ""go and get them"" (ref to Catalans). It was not enough with police brutality on #1Oct during #catalanrefâ€¦",60
500,0.6872,0.0,0.0,0.261,@nytimes,2018-10-08 04:48:51,"@nytimes Melanie really does look like Michael Jackson in that getup. 

Who wore it better? He did. https://t.co/tA6s462ptv",61
501,0.0,0.0,0.0,0.0,@nytimes,2018-10-08 04:48:50,RT @nytimes: Live Review: K-Pop Superstars BTS Lit Up Citi Fieldâ€™s Stage. Their Fans Did the Rest. https://t.co/Sbcajl5tXm,62
502,0.0,0.0,0.0,0.0,@nytimes,2018-10-08 04:48:50,RT @nytimes: Live Review: K-Pop Superstars BTS Lit Up Citi Fieldâ€™s Stage. Their Fans Did the Rest. https://t.co/Sbcajl5tXm,63
503,0.4201,0.0,0.0,0.128,@nytimes,2018-10-08 04:48:49,"@nytimes Meanwhile spends all her time in LA. She wants to make Tenn more like California. How bout that, Volunteers?",64
504,-0.6077,0.207,0.207,0.0,@nytimes,2018-10-08 04:48:49,"@jon_oc @nytimes What makes more sense - adapt, stop building on unstable ground, and thinking we are gods that can control nature.",65
505,-0.3612,0.106,0.106,0.0,@nytimes,2018-10-08 04:48:47,RT @nytimes: On newsstands today: The New York Times investigation that shows how Donald Trump participated in dubious tax schemes during tâ€¦,66
506,0.0,0.0,0.0,0.0,@nytimes,2018-10-08 04:48:45,RT @nytimes: Live Review: K-Pop Superstars BTS Lit Up Citi Fieldâ€™s Stage. Their Fans Did the Rest. https://t.co/Sbcajl5tXm,67
507,0.0,0.0,0.0,0.0,@nytimes,2018-10-08 04:48:45,RT @nytimes: Live Review: K-Pop Superstars BTS Lit Up Citi Fieldâ€™s Stage. Their Fans Did the Rest. https://t.co/Sbcajl5tXm,68
508,0.0,0.0,0.0,0.0,@nytimes,2018-10-08 04:48:45,RT @nytimes: Live Review: K-Pop Superstars BTS Lit Up Citi Fieldâ€™s Stage. Their Fans Did the Rest. https://t.co/Sbcajl5tXm,69
509,-0.7396,0.331,0.331,0.089,@nytimes,2018-10-08 04:48:45,"@Narrative4Sale @nytimes I don't care about Trump. He's an idiot. 
I care about making sure the 2018 and 2020 electâ€¦ https://t.co/PwGSh3q3el",70
510,0.0,0.0,0.0,0.0,@nytimes,2018-10-08 04:48:43,RT @nytimes: Live Review: K-Pop Superstars BTS Lit Up Citi Fieldâ€™s Stage. Their Fans Did the Rest. https://t.co/Sbcajl5tXm,71
511,0.0,0.0,0.0,0.0,@nytimes,2018-10-08 04:48:43,RT @nytimes: Live Review: K-Pop Superstars BTS Lit Up Citi Fieldâ€™s Stage. Their Fans Did the Rest. https://t.co/Sbcajl5tXm,72
512,0.4215,0.0,0.0,0.189,@nytimes,2018-10-08 04:48:43,@AboveTheMadness @nytimes Just finished a sold-out worldwide tour but yeah it's about the money,73
513,0.4496,0.083,0.083,0.154,@nytimes,2018-10-08 04:48:42,"@nytimes More false propaganda from the NYT ??  Who is now the communicating arm of the Democratic Party!!!
AMERICANS VOTE RED IN NOVEMBER!!",74
514,0.0534,0.153,0.153,0.202,@nytimes,2018-10-08 04:48:42,@nytimes That would be very bad. Sort of like Obama extending executive privilege without ever contemplating that oâ€¦ https://t.co/i3h5SHZaJP,75
515,0.0,0.0,0.0,0.0,@nytimes,2018-10-08 04:48:41,"RT @nytimes: Since she moved to Washington, the capital has been transfixed by the distance Melania Trump appears to put between herself anâ€¦",76
516,0.0,0.0,0.0,0.0,@nytimes,2018-10-08 04:48:40,RT @nytimes: Live Review: K-Pop Superstars BTS Lit Up Citi Fieldâ€™s Stage. Their Fans Did the Rest. https://t.co/Sbcajl5tXm,77
517,0.0,0.0,0.0,0.0,@nytimes,2018-10-08 04:48:40,RT @nytimes: Our investigation revealed that Donald Trump received the equivalent today of at least $413 million from his fatherâ€™s real estâ€¦,78
518,0.0,0.0,0.0,0.0,@nytimes,2018-10-08 04:48:39,RT @nytimes: Live Review: K-Pop Superstars BTS Lit Up Citi Fieldâ€™s Stage. Their Fans Did the Rest. https://t.co/Sbcajl5tXm,79
519,0.0,0.0,0.0,0.0,@nytimes,2018-10-08 04:48:39,RT @nytimes: Live Review: K-Pop Superstars BTS Lit Up Citi Fieldâ€™s Stage. Their Fans Did the Rest. https://t.co/Sbcajl5tXm,80
520,0.0,0.0,0.0,0.0,@nytimes,2018-10-08 04:48:38,RT @nytimes: Live Review: K-Pop Superstars BTS Lit Up Citi Fieldâ€™s Stage. Their Fans Did the Rest. https://t.co/Sbcajl5tXm,81
521,0.0,0.0,0.0,0.0,@nytimes,2018-10-08 04:48:38,"RT @nytimes: Since she moved to Washington, the capital has been transfixed by the distance Melania Trump appears to put between herself anâ€¦",82
522,0.0,0.0,0.0,0.0,@nytimes,2018-10-08 04:48:35,"RT @nytimes: Since she moved to Washington, the capital has been transfixed by the distance Melania Trump appears to put between herself anâ€¦",83
523,0.1531,0.088,0.088,0.113,@nytimes,2018-10-08 04:48:35,RT @ACCmediacenter: The ACCâ€™s online calculator can help to assess your risk of #heartdisease. Your Lifetime Health Checkup Roadmap from @nâ€¦,84
524,0.0,0.0,0.0,0.0,@nytimes,2018-10-08 04:48:34,"RT @nytimes: Since she moved to Washington, the capital has been transfixed by the distance Melania Trump appears to put between herself anâ€¦",85
525,0.4404,0.084,0.084,0.185,@nytimes,2018-10-08 04:48:34,RT @BaffaVbaffa: @nytimes Reading this thread gave me goosebumps. Black women and young people are on fire ğŸ”¥ğŸ”¥ğŸ”¥and giving me hope that we caâ€¦,86
526,0.0,0.0,0.0,0.0,@nytimes,2018-10-08 04:48:33,RT @nytimes: Live Review: K-Pop Superstars BTS Lit Up Citi Fieldâ€™s Stage. Their Fans Did the Rest. https://t.co/Sbcajl5tXm,87
527,-0.5719,0.171,0.171,0.0,@nytimes,2018-10-08 04:48:33,"RT @mayemusk: .@nytimes had 100% negative headlines about @Tesla in September, according to @cleantechnica Among the haters/writers is @neaâ€¦",88
528,0.0,0.0,0.0,0.0,@nytimes,2018-10-08 04:48:33,RT @nytimes: Our investigation revealed that Donald Trump received the equivalent today of at least $413 million from his fatherâ€™s real estâ€¦,89
529,-0.3818,0.195,0.195,0.113,@nytimes,2018-10-08 04:48:32,RT @davereaboi: We used to laugh at this shit when it was confined to the lunatics at â¦@Salonâ©. Now itâ€™s standard fare at the â¦@nytimesâ©.â€¦,90
530,-0.4404,0.288,0.288,0.153,@nytimes,2018-10-08 04:48:31,Major Climate Report Describes a Strong Risk of Crisis as Early as 2040   via @NYTimes https://t.co/i5SWL0yFQg,91
531,-0.3804,0.156,0.156,0.0,@nytimes,2018-10-08 04:48:31,@nytimes Really odd clothing for an oddly behaving person. What is she trying to demonstrate?,92
532,0.0,0.0,0.0,0.0,@nytimes,2018-10-08 04:48:30,RT @nytimes: Live Review: K-Pop Superstars BTS Lit Up Citi Fieldâ€™s Stage. Their Fans Did the Rest. https://t.co/Sbcajl5tXm,93
533,0.0,0.0,0.0,0.0,@nytimes,2018-10-08 04:48:29,RT @nytimes: President Trump has sold himself as a self-made billionaire but our investigation found that he received more than $400 millioâ€¦,94
534,0.0,0.0,0.0,0.0,@nytimes,2018-10-08 04:48:29,RT @nytimes: A small army of African-American women across the South is using networks originally forged in segregation to muster turnout fâ€¦,95
535,-0.296,0.109,0.109,0.0,@nytimes,2018-10-08 04:48:28,"RT @peterbakernyt: For anyone who missed it last week, the â¦@nytimesâ© reprints the extraordinary journalistic investigation of Trump's dubiâ€¦",96
536,0.0,0.0,0.0,0.0,@nytimes,2018-10-08 04:48:28,RT @nytimes: Live Review: K-Pop Superstars BTS Lit Up Citi Fieldâ€™s Stage. Their Fans Did the Rest. https://t.co/Sbcajl5tXm,97
537,0.0,0.0,0.0,0.0,@nytimes,2018-10-08 04:48:26,RT @nytimes: President Trump has sold himself as a self-made billionaire but our investigation found that he received more than $400 millioâ€¦,98
538,-0.296,0.109,0.109,0.0,@nytimes,2018-10-08 04:48:26,"RT @peterbakernyt: For anyone who missed it last week, the â¦@nytimesâ© reprints the extraordinary journalistic investigation of Trump's dubiâ€¦",99
539,0.0,0.114,0.114,0.154,@nytimes,2018-10-08 04:48:25,"RT @nytimes: Taylor Swift, who has previously been â€œreluctantâ€ to publicly voice her political opinions, broke her silence and endorsed twoâ€¦",100
